i,j,vm_mrs,mem_mrs,backoff_mrs
52,34,758095,148,1051
83,67,325580,75,297
67,63,58060,8,0
13,7,196544,55,171
55,8,49411,7,0
74,10,48511,10,0
50,12,41364,8,0
94,31,43050,7,0
58,29,533988,101,409
57,41,475827,81,821
66,65,44593,10,0
68,38,50930,8,0
65,15,96567,15,42
31,20,42278,9,0
100,27,3712229,762,4130
59,53,573507,52,221
54,8,285695,56,192
92,6,51226,9,0
82,48,339340,63,437
24,9,369313,91,403
3,1,129122,24,71
34,12,41083,9,0
83,18,371279,70,272
89,72,302454,56,460
95,61,45557,8,0
89,55,51356,71,0
94,89,42525,8,0
29,27,45637,9,0
93,28,87398,17,38
63,57,457426,81,334
52,43,357693,68,315
49,42,42203,9,0
70,69,192779,37,109
94,25,114334,8,0
77,52,53211,7,0
89,83,134967,24,651
96,28,41406,8,0
82,69,41471,9,0
100,84,48098,7,0
73,41,48277,9,0
67,4,48409,8,0
85,36,565457,103,421
56,9,430418,89,366
96,79,48259,8,0
83,21,415726,80,339
86,13,284932,36,1076
88,24,512011,119,4221
74,19,48967,9,0
34,17,39689,10,0
38,20,45585,10,0
6,1,42489,8,0
58,21,465109,92,351
66,32,46448,8,0
93,41,42231,8,0
31,11,38005,8,0
35,25,46244,8,0
81,57,60335,8,0
66,64,45352,10,0
84,58,470633,111,1053
53,11,440077,96,338
89,27,40088,9,0
86,17,54153,8,0
66,45,48220,7,0
91,82,41332,9,0
85,23,54801,175,0
7,1,140377,28,78
60,22,54689,8,0
99,7,49423,11,0
72,44,46402,8,0
81,36,46792,8,0
49,17,43525,8,0
72,18,51952,8,0
39,11,49213,11,0
61,57,465761,88,460
94,91,106112,16,35
41,32,47272,9,0
61,34,696066,641,2815
87,47,751912,138,599
94,36,41991,8,0
86,14,513469,86,6214
75,29,46587,8,0
48,22,327238,94,622
26,8,389207,91,280
33,24,49349,8,0
82,12,303764,75,202
57,28,210314,45,154
17,1,46824,9,0
89,86,211810,53,166
73,27,45811,5,0
97,67,76344,8,0
42,10,346512,64,226
100,81,55586,10,0
95,13,57762,8,0
37,3,53758,8,0
61,37,677465,198,1966
60,45,248204,103,398
79,74,51807,8,0
43,23,593072,117,474
45,24,48928,8,0
77,9,92577,14,40
99,65,50211,7,0
65,20,83264,17,40
74,43,45018,9,0
75,70,42948,10,0
38,26,43307,7,0
90,34,61874,7,0
68,7,51510,8,0
92,48,43342,10,0
36,34,51239,9,0
37,24,41430,8,0
88,25,38937,8,0
92,43,46364,9,0
71,24,39062,8,0
62,24,228117,47,859
71,18,48555,9,0
65,38,272460,49,193
40,30,43104,10,0
75,20,41260,9,0
24,8,41947,9,0
95,93,1251156,282,7898
55,7,269794,91,292
84,51,355543,68,1972
82,58,146403,24,78
50,1,50317,8,0
33,6,55818,13,0
85,74,583057,124,1889
86,18,525477,99,2130
90,39,92456,18,84
81,76,50862,8,0
97,40,46735,7,0
87,42,271097,76,1503
39,24,40823,9,0
38,1,48813,11,0
99,68,52897,8,0
93,5,49939,8,0
51,35,362915,70,314
93,90,43824,10,0
82,10,94373,18,42
66,49,42917,8,0
88,5,129790,22,69
93,88,38766,10,0
59,8,524542,110,8569
56,8,50372,11,0
86,80,582847,116,1127
93,23,48634,8,0
81,60,63843,9,0
91,9,48172,9,0
95,20,47751,8,0
99,18,43366,8,0
54,28,55739,13,0
88,45,100620,18,40
99,86,45283,7,0
85,45,338178,66,229
83,37,286007,49,194
53,29,814976,157,944
65,35,553141,108,805
70,10,47415,8,0
100,89,453951,85,333
91,51,50605,8,0
40,31,333666,85,802
54,4,211591,33,141
64,31,306114,49,303
93,49,56458,7,0
96,81,62787,8,0
85,32,718239,126,719
82,32,283993,88,647
62,10,82600,18,41
55,30,712741,158,5625
74,71,374907,69,1801
92,80,41604,8,0
88,37,405126,58,255
71,52,43933,10,0
36,23,47260,5,0
2,1,238544,46,200
69,34,51751,9,0
34,1,343430,58,217
89,56,61010,9,0
67,57,44937,9,0
96,80,42447,9,0
89,87,45096,9,0
81,48,51932,9,0
72,52,44020,8,0
71,47,47460,8,0
82,49,458310,76,1959
87,80,515852,91,11831
56,10,54722,9,0
82,35,325480,69,425
90,15,46202,11,0
7,6,216813,46,171
89,69,358700,58,683
88,34,91127,14,34
71,64,54124,9,0
66,41,44479,8,0
42,32,354056,65,290
75,32,42337,12,0
62,60,44382,8,0
72,25,47662,9,0
98,72,42276,9,0
89,47,49204,52,0
62,6,46583,10,0
62,25,568178,106,1479
59,5,266878,19,373
95,4,41817,9,0
65,8,51199,8,0
37,6,56566,9,0
78,39,47175,8,0
29,18,40104,9,0
24,13,328818,62,242
40,4,174942,36,135
35,15,42458,14,0
88,22,559756,104,10777
96,10,46282,9,0
79,2,60900,9,0
39,3,42369,11,0
80,36,288403,57,180
67,19,496265,119,398
68,44,47807,8,0
50,18,47867,7,0
24,22,442268,93,2857
96,61,43465,7,0
92,77,45950,8,0
62,15,489909,90,656
60,9,299091,53,206
79,64,45619,10,0
82,57,503573,90,838
67,40,45280,8,0
27,25,49965,8,0
59,9,579780,99,1320
78,13,64356,10,0
89,18,37511,9,0
98,1,49841,7,0
48,13,47475,7,0
46,33,44981,9,0
76,46,43475,11,0
91,25,40960,8,0
69,7,49910,7,0
88,50,537388,159,606
97,91,51644,7,0
97,92,50610,9,0
62,58,39991,12,0
57,10,382555,72,930
43,2,141021,30,81
93,50,48576,7,0
78,57,46280,8,0
97,66,37686,7,0
45,26,48962,6,0
24,5,324226,66,238
73,3,131268,22,74
51,48,48906,9,0
53,12,559203,142,397
99,95,44386,7,0
91,59,48034,7,0
93,79,43502,8,0
20,13,451091,90,386
44,24,43122,10,0
74,7,50154,8,0
34,29,52515,9,0
93,91,44793,9,0
56,5,489065,100,393
51,13,367848,89,348
96,50,44523,7,0
45,21,48229,10,0
89,85,176041,30,110
22,7,199017,35,120
83,77,433971,91,687
48,27,102380,20,44
74,66,320862,77,388
59,46,301678,30,99
12,3,131956,28,78
60,10,43907,9,0
37,21,822341,174,782
42,4,295719,55,196
94,5,52165,8,0
74,72,454719,87,379
78,50,46048,10,0
30,23,47399,11,0
99,43,42353,10,0
52,45,420264,80,312
46,13,43580,8,0
38,29,45457,8,0
64,10,99362,17,40
11,5,91263,16,41
62,36,622291,192,2182
69,28,45751,9,0
61,4,45301,11,0
53,5,253154,46,166
93,75,50500,8,0
88,32,601412,84,502
78,12,46562,11,0
24,17,489656,87,340
47,24,461040,108,333
83,7,343591,67,2634
26,25,490125,81,333
51,6,82409,18,35
71,10,50532,9,0
90,5,43608,8,0
94,75,45732,10,0
63,30,359187,71,265
6,3,85855,19,37
92,21,38890,8,0
48,20,51634,8,0
66,33,57499,10,0
97,58,41851,7,0
98,11,45206,7,0
96,36,41215,5,0
42,26,51591,9,0
12,11,371326,82,620
99,85,39366,7,0
65,32,314545,100,272
80,49,464914,83,1261
81,33,49527,8,0
80,32,46148,9,0
67,60,46735,8,0
81,58,70575,8,0
99,93,45429,7,0
78,22,45903,8,0
55,18,343229,171,312
91,26,42058,10,0
65,56,497998,90,365
57,24,346411,62,739
54,36,142306,28,3742
52,7,372045,67,397
72,55,53159,15,0
26,1,53035,9,0
42,38,51831,9,0
82,54,628284,183,1050
50,34,47717,8,0
14,10,134864,24,75
56,17,578874,97,462
80,38,710640,140,951
82,7,50222,10,0
30,29,43262,8,0
19,15,323443,68,1798
91,48,57389,8,0
88,51,337805,65,433
55,21,632796,119,1354
75,48,204950,8,0
37,15,89391,12,37
59,43,1617577,187,6091
31,5,305463,51,190
95,47,40415,9,0
74,35,47617,8,0
96,85,45243,8,0
75,69,42496,8,0
23,3,47847,9,0
79,4,59372,8,0
24,6,43483,8,0
92,89,43851,10,0
15,11,368002,89,280
99,29,48903,8,0
76,66,219946,47,157
93,20,51158,8,0
78,66,92188,20,40
69,31,46253,7,0
37,27,921269,247,748
97,17,43366,9,0
72,7,48215,8,0
51,33,374402,75,270
68,55,46520,8,0
26,5,99198,19,40
21,5,383583,69,266
55,51,476481,115,869
92,40,43699,8,0
100,22,55008,37,0
85,60,267845,71,200
44,14,52760,9,0
71,13,50037,8,0
93,6,66929,10,0
74,62,278642,70,243
87,64,349281,71,329
95,16,44616,8,0
41,26,51966,8,0
94,90,45772,9,0
39,23,46000,8,0
94,51,56457,8,0
18,11,196973,39,135
52,20,89118,17,38
90,31,43637,7,0
45,35,363316,59,339
95,8,48453,8,0
57,44,366448,271,1522
63,56,309171,71,223
84,41,532265,93,882
81,37,45277,7,0
72,11,54944,8,0
11,9,280286,60,247
48,24,57535,8,0
74,47,43578,8,0
93,47,42920,7,0
66,28,49188,9,0
35,12,47910,8,0
91,73,46630,8,0
77,54,43579,7,0
70,5,48828,8,0
51,32,361166,80,282
55,35,167619,28,139
66,31,45749,8,0
75,21,48601,7,0
47,33,671407,140,1775
79,30,48150,8,0
79,55,50755,6,0
56,14,371342,75,467
46,9,59253,8,0
68,66,196185,34,115
79,39,47770,8,0
61,11,36927,9,0
39,30,39035,9,0
85,2,49710,8,0
24,19,439693,82,304
98,68,41882,9,0
83,12,91224,27,40
71,7,379382,72,350
80,78,408732,74,652
85,53,995381,214,838
33,12,46643,10,0
62,1,41712,7,0
96,24,43879,8,0
78,19,44535,5,0
40,36,49292,8,0
89,2,57494,8,0
79,9,429236,88,382
64,21,490087,88,533
57,7,136048,28,78
44,7,38316,8,0
97,20,42363,8,0
69,49,44183,8,0
52,3,332308,55,223
79,28,50551,11,0
39,19,48945,9,0
88,38,55449,8,0
87,20,453913,84,453
82,66,52572,9,0
44,40,258259,43,166
49,40,43265,10,0
100,45,46722,7,0
99,15,85120,9,0
92,17,46046,7,0
62,50,170045,25,122
88,43,241320,34,405
29,26,50843,8,0
86,43,543372,112,4922
53,9,298638,55,186
42,3,94556,21,41
77,62,47163,8,0
96,4,108733,8,0
53,26,269380,47,399
71,29,40462,8,0
96,44,44933,7,0
47,35,95175,15,35
66,37,44855,8,0
97,81,47625,9,0
87,56,391299,80,276
65,21,127839,23,76
17,11,222995,43,192
45,17,49643,8,0
81,5,46227,8,0
76,57,47909,10,0
100,3,43785,8,0
91,77,51356,8,0
96,56,44564,7,0
97,54,42836,7,0
86,19,423128,81,1454
64,34,353362,67,267
100,53,45576,7,0
98,20,46906,8,0
44,34,46635,8,0
67,7,152421,25,145
47,45,51265,7,0
49,6,41770,8,0
56,42,368909,84,262
32,24,44518,7,0
71,26,47100,8,0
56,39,368876,68,338
66,63,43328,8,0
98,46,55018,8,0
45,18,46005,8,0
73,45,44830,12,0
91,53,48865,5,0
97,12,38772,7,0
73,12,44212,7,0
67,10,488955,86,351
54,38,144841,28,83
43,38,604059,109,404
79,62,47402,9,0
61,36,433708,79,2272
100,48,41229,9,0
73,44,47433,10,0
93,17,45365,8,0
50,15,42991,8,0
92,37,42743,8,0
35,16,47319,5,0
93,16,49966,6,0
28,1,49378,24,0
92,63,58989,9,0
79,45,46887,8,0
28,3,46584,9,0
61,53,128412,24,123
100,87,360951,71,1275
84,39,359532,180,696
54,24,378651,64,1088
98,94,41618,10,0
97,22,38149,8,0
79,34,54251,8,0
45,38,390414,71,531
96,45,44060,8,0
50,3,62362,14,0
61,44,190302,31,134
47,46,46750,10,0
63,3,354436,62,557
98,29,43875,8,0
90,2,53274,9,0
91,86,61290,8,0
74,59,370618,69,1149
57,30,514885,112,1429
98,18,73441,8,0
79,63,51514,8,0
43,30,455530,114,452
49,22,54061,8,0
87,4,147496,28,210
49,12,44047,8,0
76,28,42748,9,0
54,19,750550,154,1227
95,79,42364,8,0
71,54,85206,14,0
96,34,47598,10,0
73,43,45338,10,0
100,56,42138,7,0
83,38,53868,10,0
59,27,161301,71,158
74,36,46660,8,0
84,71,44916,8,0
62,31,47285,7,0
27,16,689705,125,637
92,27,43714,8,0
64,37,343126,68,280
98,22,46569,7,0
85,46,439774,96,337
50,20,45059,9,0
57,36,502480,89,1074
59,42,168305,26,353
91,70,47197,8,0
72,32,48978,9,0
52,50,327494,64,311
82,81,41486,9,0
35,3,49083,11,0
71,70,57695,9,0
52,51,839212,172,652
43,33,728945,134,554
49,9,92740,17,39
77,47,50287,10,0
72,29,45902,7,0
57,12,383856,66,508
90,20,83039,14,39
91,84,40787,11,0
94,35,37425,8,0
99,38,41474,9,0
59,56,679190,531,7165
43,7,241931,40,144
88,65,328382,77,590
83,79,405696,68,267
76,21,47693,9,0
55,12,93749,21,38
43,36,94016,19,40
93,87,45508,9,0
63,29,356081,70,275
84,37,408887,84,1221
83,59,432277,97,5220
82,6,398944,83,408
88,55,40217,9,0
90,66,45232,9,0
80,65,292189,82,4545
100,6,37782,7,0
90,32,43805,8,0
58,1,92412,65,45
43,5,195406,55,119
91,27,48752,8,0
81,47,54786,8,0
90,53,47195,5,0
47,23,459766,163,1529
57,27,503918,211,9375
80,68,270874,65,799
73,34,43085,8,0
24,3,315061,61,231
40,22,54298,8,0
76,54,102852,8,0
95,22,40904,9,0
62,21,439441,79,388
94,92,46519,9,0
50,45,48437,9,0
89,33,45998,8,0
72,24,42918,9,0
100,43,46086,8,0
89,36,39745,8,0
55,42,379639,118,375
98,73,45782,10,0
90,40,43120,8,0
25,20,329593,92,580
99,12,41978,7,0
18,10,306929,70,215
76,15,49499,9,0
81,77,49613,11,0
20,19,406907,76,319
46,34,44542,10,0
50,40,45848,9,0
79,42,42261,8,0
83,53,864962,2708,3658
49,21,52341,8,0
81,12,50848,8,0
87,62,356050,82,317
29,17,40747,8,0
97,90,52185,8,0
74,23,45838,9,0
7,2,221244,46,172
67,59,62904,13,0
94,64,46632,9,0
40,39,51432,8,0
52,10,44561,9,0
58,40,423404,88,583
77,17,45503,14,0
68,41,40541,9,0
91,15,43961,7,0
99,75,59752,10,0
49,45,93035,20,38
79,68,57820,8,0
81,22,44143,8,0
69,33,41764,8,0
71,69,44540,9,0
98,76,46680,9,0
88,4,84908,43,37
77,32,44733,7,0
98,2,77726,14,0
93,55,40507,7,0
86,70,336419,73,1306
70,37,47518,8,0
96,27,48733,8,0
49,46,137473,21,188
54,25,343256,121,439
27,8,223481,56,156
79,13,39992,8,0
85,58,966894,159,1588
94,70,47297,8,0
68,18,48232,8,0
86,26,330133,62,235
62,34,794053,155,806
92,76,42468,8,0
91,12,48866,7,0
97,88,47687,8,0
97,72,45349,7,0
25,19,619266,108,698
73,5,46463,9,0
28,4,46052,11,0
34,10,45216,7,0
54,52,284349,58,201
67,47,50589,9,0
73,24,44222,11,0
39,5,52458,9,0
85,56,336569,58,233
79,11,438425,92,416
55,48,689659,162,512
58,4,748194,141,18763
74,33,43845,6,0
72,15,44125,8,0
12,4,139602,29,102
64,6,92059,20,51
93,8,49930,9,0
72,63,43763,8,0
83,42,360548,82,287
61,48,480679,115,743
100,93,330733,64,417
94,48,47854,25,0
68,26,48501,9,0
51,11,258593,50,564
48,39,557432,105,493
31,8,47193,8,0
24,21,214753,71,325
17,8,50772,7,0
48,16,781322,192,616
100,4,1127996,267,1094
97,13,46071,8,0
63,62,549618,104,420
54,15,375988,80,306
66,26,44677,10,0
44,2,47233,8,0
97,79,44247,9,0
94,8,75765,8,0
96,30,50818,8,0
63,60,371936,68,278
33,14,45574,8,0
37,1,45917,11,0
37,9,43374,8,0
90,27,43322,609,0
69,52,70105,9,0
96,12,43018,10,0
80,57,574716,112,465
79,15,52429,7,0
58,14,292084,51,196
86,32,443374,82,488
61,19,635055,116,590
73,62,45547,12,0
100,29,45683,7,0
91,88,52741,7,0
47,19,561753,108,477
87,85,225326,68,180
86,73,50745,8,0
48,28,49635,9,0
90,72,44108,9,0
84,48,442401,131,421
84,66,435486,79,298
60,23,280654,47,920
88,3,87844,17,41
88,6,420714,69,511
36,2,42256,5,0
56,35,367326,70,1644
52,6,39527,8,0
43,27,48147,8,0
94,58,45595,10,0
95,37,46745,7,0
87,67,386462,67,379
94,77,44700,8,0
100,50,43262,9,0
88,29,222115,33,373
53,49,354581,77,285
86,28,488175,87,465
81,44,33564,5,0
83,69,369845,72,308
43,6,242831,42,153
25,14,763672,194,1537
60,15,417285,76,1697
55,34,408894,84,545
71,59,661055,51,4358
63,22,501435,93,388
28,15,49640,9,0
97,61,44972,8,0
41,16,49276,9,0
65,12,44864,10,0
52,27,369555,74,279
89,48,112665,693,0
98,27,44229,8,0
95,46,50189,7,0
92,8,50115,8,0
45,41,37794,5,0
47,27,361312,70,298
91,79,41282,10,0
94,21,36542,7,0
44,18,51091,8,0
97,23,41224,7,0
45,16,46340,8,0
85,10,92420,21,39
61,42,159703,27,174
34,26,46994,12,0
82,38,255797,46,499
79,7,142330,25,80
42,37,46187,6,0
23,14,477998,86,340
49,19,44979,8,0
82,55,470221,139,426
84,3,90192,13,36
83,47,549060,99,715
79,36,42871,8,0
80,39,50591,8,0
65,34,543827,105,1282
47,17,409011,71,293
41,7,52561,9,0
61,46,981830,180,1951
43,29,413572,114,448
44,12,53303,9,0
53,40,572074,99,501
82,19,157584,27,120
100,73,44068,7,0
62,44,337273,64,227
25,1,46104,9,0
77,8,34505,10,0
40,2,48531,8,0
81,52,70028,8,0
92,22,47451,9,0
98,28,48626,8,0
100,91,47856,8,0
73,60,49596,8,0
75,10,36360,6,0
32,21,39603,7,0
48,5,140829,29,91
91,47,55962,8,0
66,36,60389,15,0
28,21,44796,8,0
90,23,45084,10,0
64,17,56735,9,0
100,51,40199,10,0
82,75,47354,8,0
70,11,43219,8,0
68,47,42736,8,0
87,38,571273,104,648
99,22,52562,10,0
94,63,55363,8,0
86,8,839631,136,1785
67,25,42464,9,0
56,16,45480,9,0
80,7,42822,8,0
29,20,42379,10,0
88,84,416171,81,2311
95,32,47437,10,0
36,18,43373,11,0
81,73,53257,8,0
76,42,46480,9,0
41,34,49150,15,0
64,2,48146,10,0
50,43,51397,9,0
79,10,307954,66,2160
91,41,55808,9,0
95,54,43083,9,0
83,62,104205,21,39
74,22,48532,8,0
39,33,51277,5,0
93,62,45602,8,0
85,25,446668,151,331
13,2,91282,23,46
80,9,53893,8,0
79,50,46573,8,0
27,19,648541,160,470
22,6,49152,10,0
89,25,36549,8,0
48,42,502536,106,384
52,30,426047,86,302
96,40,46446,8,0
23,2,146017,28,95
58,11,39038,6,0
41,27,49186,12,0
20,3,89643,18,37
54,43,331221,66,380
87,49,42936,8,0
85,47,328289,61,250
100,15,41898,8,0
31,29,40585,11,0
61,52,338128,59,219
64,23,430748,86,338
76,16,46134,10,0
75,33,36630,8,0
69,64,43710,8,0
74,20,47561,8,0
59,24,900411,151,8103
91,44,53742,13,0
71,19,56992,8,0
11,1,87600,20,40
85,41,44445,9,0
79,76,51912,8,0
81,68,45698,10,0
26,20,39254,10,0
87,11,143047,29,86
47,32,345318,63,284
54,1,55228,10,0
37,19,50317,9,0
84,18,370188,71,364
99,5,45934,8,0
57,22,182809,33,1030
63,36,631882,115,488
69,65,47035,10,0
44,31,87272,19,42
16,6,313031,63,256
95,71,47474,11,0
64,32,393983,77,1536
100,12,3446946,1374,15127
64,62,403415,74,290
40,28,52163,8,0
68,49,44475,7,0
96,71,49614,7,0
48,26,51719,9,0
68,29,47392,10,0
97,59,51791,8,0
100,36,64405,21,0
94,44,50120,10,0
99,25,52584,9,0
91,17,47748,8,0
90,43,53814,8,0
95,57,45979,10,0
81,13,49458,7,0
94,42,46400,8,0
63,48,352820,71,264
79,59,53456,8,0
59,58,91638,16,160
74,25,43146,8,0
80,34,238690,46,640
81,40,42262,4,0
68,59,50399,8,0
66,22,41804,8,0
73,37,53613,10,0
19,11,321967,52,234
17,7,485862,98,641
37,30,47623,8,0
96,5,57817,8,0
78,40,45430,9,0
40,21,55168,8,0
93,81,49323,9,0
58,10,412003,65,1767
77,21,54485,10,0
40,8,47786,8,0
37,10,42221,10,0
81,45,41795,8,0
55,3,541982,130,802
66,38,48538,8,0
44,8,46968,9,0
59,25,527782,109,5278
73,64,50018,8,0
97,38,44746,7,0
97,32,34870,8,0
100,30,44892,7,0
65,54,673113,125,637
81,11,48195,9,0
69,68,42688,22,0
89,39,63526,8,0
96,15,48010,8,0
76,60,46618,9,0
72,60,40410,8,0
63,50,363830,67,259
78,33,47685,24,0
42,1,86928,21,40
62,32,500129,84,869
14,7,277821,51,356
94,27,36592,9,0
74,40,37999,5,0
79,41,40646,9,0
98,52,53269,11,0
95,59,41123,9,0
63,58,308782,68,237
55,37,380816,82,307
24,10,42386,9,0
19,14,272250,51,188
71,11,44495,9,0
39,8,48248,10,0
96,78,43259,8,0
87,40,42355,10,0
82,14,59662,8,0
63,15,412742,85,909
37,23,51029,8,0
89,29,46628,8,0
61,25,688421,114,859
69,11,59403,8,0
67,37,46844,10,0
89,44,47132,8,0
63,4,49626,9,0
31,14,42436,8,0
46,38,47914,8,0
63,32,361350,71,277
29,2,50743,8,0
74,29,50694,9,0
64,54,372604,74,416
75,28,53174,9,0
22,21,422547,93,324
98,43,57083,7,0
36,35,42107,9,0
17,9,527386,94,1005
78,74,199334,37,117
89,61,54010,8,0
82,3,54421,10,0
59,30,59261,8,0
72,22,43430,8,0
48,36,187452,38,124
65,62,467087,83,386
84,79,308940,63,488
93,14,61371,8,0
99,26,56518,25,0
84,23,331049,60,248
91,56,46567,8,0
49,33,45234,8,0
100,21,644420,147,988
73,11,48200,8,0
99,98,54149,7,0
91,3,45121,8,0
86,66,385460,208,344
33,1,41426,9,0
39,34,50112,8,0
60,5,355490,61,220
97,37,41724,8,0
46,42,47359,9,0
99,76,47684,7,0
27,14,139766,25,78
63,2,50791,10,0
42,31,45024,10,0
98,82,41235,11,0
34,27,49170,8,0
77,7,93241,11,38
49,41,186673,36,118
80,48,39495,7,0
55,52,50354,10,0
88,75,206052,28,110
87,21,461643,88,385
80,26,45539,7,0
50,48,50324,8,0
88,19,340907,62,357
97,26,45264,6,0
67,24,45063,9,0
31,24,47983,9,0
32,17,48385,10,0
98,35,57413,9,0
86,77,461509,71,1304
53,15,486416,111,585
87,81,46120,10,0
74,69,313113,59,254
98,26,46348,9,0
90,55,42424,7,0
18,7,207319,52,151
88,31,40832,8,0
74,9,47837,8,0
65,25,327394,60,309
58,20,466634,87,478
21,6,45925,9,0
72,4,43055,8,0
99,39,48341,9,0
68,36,46387,8,0
81,41,44397,10,0
53,47,92150,19,38
98,77,62833,9,0
50,44,43659,9,0
67,9,50291,7,0
90,7,39404,9,0
53,31,100093,17,44
54,27,779466,155,784
77,37,47834,8,0
99,77,43195,5,0
60,53,777851,293,1936
48,34,189775,31,113
36,15,46146,10,0
92,86,64412,7,0
26,24,341361,64,597
65,44,326398,52,739
92,2,53510,8,0
86,29,282814,72,280
98,25,42614,7,0
85,76,357910,70,587
76,37,42229,8,0
96,93,44284,7,0
100,95,44723,7,0
65,7,48234,13,0
94,2,40213,8,0
69,14,48891,8,0
51,46,53193,9,0
94,41,49616,9,0
89,45,52502,8,0
61,3,148102,28,119
90,14,47613,23,0
9,4,213233,44,194
79,72,63756,13,0
74,45,45750,9,0
99,57,47083,26,0
95,72,51313,7,0
48,3,47138,8,0
26,7,195160,34,112
80,27,46020,8,0
52,8,45055,9,0
56,37,334822,60,226
91,23,52609,8,0
96,11,45231,10,0
52,25,371646,69,271
99,52,43031,9,0
65,47,521606,102,3916
90,1,37745,8,0
81,32,49938,9,0
23,21,388378,65,259
77,39,46157,5,0
73,33,42579,8,0
67,12,196310,35,110
57,34,42069,6,0
77,66,45834,8,0
76,59,46307,10,0
73,39,55320,8,0
35,9,62023,10,0
63,41,327341,79,227
73,40,58025,13,0
61,35,245993,44,169
80,44,48562,7,0
53,33,50420,7,0
83,78,546247,91,425
28,23,45912,10,0
44,22,45887,9,0
92,39,44249,12,0
89,80,150808,36,99
90,77,52743,8,0
90,71,43849,8,0
82,72,44495,9,0
58,38,750095,126,743
86,2,45038,8,0
51,39,479398,105,327
48,47,48662,8,0
59,7,440393,51,6811
81,26,45088,7,0
65,26,446654,94,436
71,61,73489,9,0
85,30,723320,131,587
57,48,301364,53,215
65,41,883609,150,1352
79,66,49472,9,0
78,17,42831,7,0
88,86,415248,76,1041
66,9,65250,9,0
74,31,46188,9,0
31,12,46427,8,0
54,2,165175,28,270
44,15,53986,8,0
94,7,51110,8,0
60,41,1694246,300,8720
94,50,54680,9,0
96,84,42277,8,0
87,30,421922,112,360
50,33,48002,9,0
17,13,268621,45,355
50,24,41052,11,0
45,22,51937,7,0
98,10,48114,7,0
91,1,37502,11,0
59,4,61031,8,0
45,9,38781,7,0
89,73,316669,57,4263
92,36,49554,9,0
32,13,44364,8,0
39,17,52698,10,0
69,5,44989,8,0
49,26,43449,8,0
83,71,622957,100,840
75,61,43461,8,0
29,25,47078,9,0
14,9,303036,80,298
72,37,48392,7,0
46,31,44182,9,0
63,52,411965,85,304
97,27,48634,7,0
64,8,306762,71,246
15,12,48681,8,0
88,87,488451,86,923
82,15,225954,51,160
75,59,51560,7,0
73,69,52075,9,0
84,9,203363,42,552
66,47,43452,11,0
70,64,47205,8,0
88,49,385424,69,535
89,52,43333,8,0
47,41,55688,8,0
40,17,48583,7,0
40,24,47674,8,0
17,16,50773,8,0
49,37,1671111,312,1498
75,11,43765,9,0
79,17,40596,8,0
73,47,49424,8,0
100,52,47317,7,0
86,71,504489,101,1857
42,6,350499,66,238
99,80,39667,8,0
38,10,51748,9,0
83,31,691337,209,2211
80,11,42594,9,0
89,81,48785,8,0
77,31,46990,8,0
83,13,449539,71,376
61,38,366986,53,714
69,66,49146,35,0
38,5,38248,8,0
46,32,48478,8,0
9,6,322264,58,283
90,61,59647,8,0
44,5,45110,10,0
88,9,564465,97,4918
91,18,50246,8,0
69,26,48237,10,0
36,14,52869,9,0
79,56,46396,8,0
86,69,491991,130,815
73,38,43434,9,0
59,19,338053,77,258
94,34,43511,8,0
80,17,55324,11,0
87,82,47454,7,0
58,34,381557,60,851
22,12,563964,112,447
27,10,48838,8,0
28,12,47527,8,0
45,36,44362,10,0
65,6,53066,7,0
13,1,55224,10,0
51,47,231133,45,409
47,43,50371,9,0
82,11,690453,132,707
67,2,374852,105,589
95,30,39616,10,0
99,67,44950,11,0
91,89,48983,9,0
63,45,319792,75,231
57,15,387630,67,623
56,21,100507,15,34
70,7,43710,8,0
56,51,48104,7,0
72,51,151225,24,85
48,17,97720,21,54
97,77,53709,8,0
50,9,53816,12,0
27,21,53042,7,0
86,24,111168,18,105
29,22,47610,8,0
71,62,44454,8,0
97,18,45423,7,0
33,13,45820,8,0
50,4,44356,9,0
88,72,624173,108,476
64,30,402149,96,2039
35,4,48591,9,0
88,56,403272,100,998
37,33,47329,8,0
99,70,44003,8,0
77,71,48131,9,0
77,69,85991,8,0
92,75,41025,8,0
83,57,45414,7,0
80,64,248240,54,5340
86,85,50899,11,0
39,21,44698,8,0
35,27,50864,8,0
13,4,37248,11,0
82,37,46288,5,0
88,7,145827,25,74
87,19,208471,48,161
98,37,43923,8,0
57,25,321596,60,243
98,80,58675,11,0
76,12,50132,8,0
24,18,552227,113,367
80,19,52831,8,0
21,3,383800,87,269
49,31,46743,7,0
89,10,58631,8,0
60,20,1110935,335,2245
40,27,49404,8,0
51,45,48423,10,0
43,13,593261,107,394
86,63,226512,37,213
84,16,256843,56,354
99,35,55289,9,0
85,4,750189,722,1469
73,59,46549,8,0
62,26,629231,123,820
83,32,797706,146,1839
51,21,44191,8,0
65,33,698379,125,911
41,14,46108,10,0
93,52,68108,11,0
82,24,697980,173,594
76,50,111797,16,45
45,32,43783,9,0
82,9,45003,10,0
83,63,416374,103,308
98,88,57273,8,0
99,79,38514,8,0
99,62,44391,9,0
77,24,45974,8,0
79,49,47192,7,0
58,47,471408,91,377
87,27,414631,79,1123
77,61,65115,11,0
56,46,419151,120,745
77,22,59248,9,0
62,61,1282464,219,3770
53,13,50994,9,0
12,10,136632,26,392
44,27,65868,7,0
67,28,40405,8,0
85,84,414585,132,452
56,54,328783,70,319
53,7,143293,22,80
45,27,54951,8,0
28,7,43622,9,0
49,32,368062,51,221
58,3,258971,56,170
86,3,149058,25,77
27,22,54775,7,0
98,78,41333,8,0
43,37,598406,106,427
30,18,47094,9,0
97,62,44341,7,0
36,13,47398,9,0
28,22,47993,8,0
35,21,44335,9,0
35,32,253898,41,405
56,6,48295,11,0
72,41,52780,8,0
29,16,47884,8,0
37,18,688503,127,653
76,25,55280,9,0
100,86,45048,8,0
67,30,50882,8,0
59,41,183140,30,1422
92,71,94273,15,33
62,40,105979,15,84
76,41,45284,10,0
87,24,437480,66,277
96,47,44221,7,0
47,31,526412,110,521
43,4,189910,34,119
100,33,44668,7,0
46,14,45426,10,0
79,16,40392,9,0
99,11,42237,8,0
90,33,45880,8,0
78,8,41837,9,0
8,2,193358,32,122
75,37,56823,68,0
71,42,45881,11,0
25,22,269898,50,679
75,65,48572,10,0
63,34,360022,66,273
80,35,60847,9,0
65,50,681760,127,2352
88,69,434158,82,2106
84,47,62688,8,0
77,55,45201,8,0
39,20,48353,10,0
65,59,48086,10,0
59,34,51142,9,0
80,67,411097,69,3570
53,37,183510,37,169
98,67,51571,8,0
21,19,346060,72,265
84,82,323968,65,603
36,25,98803,17,37
88,80,50179,40,0
44,25,43870,6,0
99,14,45169,11,0
80,46,652519,115,812
76,40,49084,8,0
82,22,522616,95,464
92,81,43255,8,0
42,36,75729,8,0
30,27,100737,18,209
99,8,49574,8,0
68,62,55067,8,0
73,20,54123,8,0
47,40,42873,9,0
22,15,504636,103,557
38,12,47537,10,0
61,58,371639,66,349
52,37,349130,64,881
85,21,508053,76,348
67,18,465119,111,344
97,35,45373,8,0
90,46,49714,10,0
42,28,47714,8,0
41,12,43754,8,0
41,20,41960,9,0
83,29,305216,56,781
80,70,629413,138,796
97,93,43090,10,0
100,94,635769,133,3284
87,78,556054,121,17704
94,6,39598,9,0
86,41,270248,55,385
99,28,53552,9,0
82,70,45680,7,0
72,64,287122,55,227
60,44,1266675,183,2365
90,69,43176,8,0
51,7,118492,18,80
38,18,46377,9,0
37,20,54410,7,0
40,6,50753,8,0
52,17,565962,112,521
20,15,307083,59,431
19,5,592915,169,500
89,1,49344,8,0
90,13,54645,8,0
87,63,355122,69,308
55,28,55529,8,0
29,8,43766,8,0
56,38,376587,69,490
70,38,46028,8,0
33,25,47179,8,0
45,4,191040,32,141
95,41,47659,10,0
75,6,51311,8,0
73,58,41530,8,0
27,24,454278,85,350
89,5,55541,8,0
61,33,404797,77,334
57,2,164704,29,138
33,11,49876,9,0
57,14,380576,67,1340
48,21,673864,132,917
85,15,64505,10,0
97,57,42620,7,0
83,2,44798,20,0
66,15,42058,8,0
35,33,54509,5,0
95,83,45073,8,0
33,16,46119,8,0
66,6,46660,8,0
93,4,47656,11,0
96,64,41439,7,0
60,43,230264,38,167
98,92,48165,8,0
45,8,40269,10,0
83,44,326450,65,239
79,18,45219,9,0
21,2,47454,8,0
49,48,1024773,208,1127
93,85,44573,8,0
78,76,241287,57,161
79,19,48880,9,0
41,9,49001,8,0
87,17,500907,81,1200
13,12,43533,8,0
29,11,103457,17,37
96,63,36272,8,0
60,42,207303,535,433
94,49,43014,7,0
34,8,101470,17,39
70,54,42641,8,0
72,58,43640,12,0
93,35,45103,19,0
93,57,158396,27,714
86,10,535174,85,1568
23,19,46600,9,0
39,22,46978,9,0
46,19,45708,5,0
93,32,44717,8,0
70,59,46838,8,0
58,2,97897,18,61
9,2,45143,8,0
75,27,44253,9,0
71,15,45760,7,0
82,34,754701,138,725
68,13,48789,10,0
52,39,390060,71,590
100,28,47534,7,0
80,4,55787,8,0
55,31,553285,124,370
75,56,45545,8,0
8,7,403799,75,350
91,19,45166,7,0
8,6,190815,34,109
75,55,43612,8,0
83,66,421413,76,513
76,75,47361,8,0
37,26,46036,8,0
63,11,47383,8,0
63,38,781687,156,842
69,43,43935,9,0
58,35,534444,100,1009
99,46,53098,11,0
63,20,506299,112,435
81,53,49987,8,0
68,4,45806,8,0
53,21,417767,86,2104
26,3,88214,20,59
19,18,856983,184,1471
85,6,156442,27,386
74,39,48613,11,0
91,31,39092,8,0
84,56,395594,66,550
72,61,136344,28,75
73,51,82053,15,0
77,58,42850,9,0
70,2,53994,10,0
87,74,558173,124,551
63,59,309629,56,232
26,4,203664,41,548
80,40,468177,66,1419
79,65,46948,8,0
90,62,56104,8,0
88,42,196683,27,94
61,12,168538,34,223
32,23,44062,7,0
91,90,47189,9,0
77,18,94899,18,40
93,15,46832,8,0
58,6,445193,64,375
63,49,363765,69,283
81,42,48095,9,0
99,16,54448,9,0
59,26,543123,111,4213
42,14,497880,104,2178
97,43,37662,7,0
95,82,121362,27,186
90,8,46308,9,0
75,26,56285,10,0
93,37,44190,8,0
61,13,519112,92,1322
67,56,44601,9,0
94,16,46473,7,0
98,51,49059,8,0
51,25,577156,119,481
41,5,97811,17,37
58,28,468459,107,919
48,33,46485,8,0
94,29,41061,4,0
86,4,457705,71,528
99,45,55197,9,0
89,41,39864,11,0
49,44,50474,7,0
84,28,476319,81,698
89,60,47056,7,0
65,27,720214,130,2238
55,19,882267,156,2688
66,21,46422,8,0
20,9,236154,45,172
100,71,44003,7,0
74,67,372227,82,416
40,25,51415,8,0
66,50,43276,8,0
89,32,46781,8,0
70,68,96323,16,37
58,25,515748,93,901
90,59,40829,8,0
98,5,41864,8,0
88,12,55937,10,0
6,4,229091,39,154
49,2,34466,7,0
71,65,51140,9,0
100,77,46436,7,0
87,10,414406,181,338
68,15,56640,11,0
42,15,486883,83,348
94,4,38450,8,0
99,30,67051,9,0
61,7,228949,26,188
87,37,525521,99,386
57,16,582405,132,580
34,19,50575,9,0
47,8,47018,9,0
92,5,49502,9,0
66,4,86667,8,0
84,62,89249,19,471
79,21,46546,8,0
48,37,280721,53,761
18,12,329741,72,482
94,62,48564,8,0
21,18,252278,52,247
58,8,176600,42,570
90,3,50001,8,0
82,80,51727,33,0
67,5,98273,16,34
88,16,45499,9,0
67,52,45954,4,0
61,56,327921,61,229
60,38,592088,105,1085
80,25,45402,34,0
85,31,54446,8,0
84,65,236501,45,182
62,54,654754,181,1695
20,7,136009,27,76
80,72,450038,131,867
79,54,36146,10,0
77,33,43404,8,0
84,25,292175,56,698
49,30,46938,10,0
68,64,104270,16,38
75,9,46553,8,0
84,68,433400,83,350
32,27,49093,11,0
34,33,49432,8,0
54,47,347233,140,997
46,20,47864,9,0
84,11,352786,67,459
72,65,141223,27,76
81,25,44662,9,0
42,29,145700,29,81
76,34,50587,9,0
86,53,48901,10,0
62,30,46039,9,0
78,54,54036,9,0
70,63,46773,8,0
63,28,49235,6,0
62,49,106917,14,58
54,23,789104,151,974
98,40,60835,8,0
96,59,45429,9,0
66,53,44646,8,0
48,29,85974,19,39
76,56,48546,9,0
92,55,45336,10,0
98,15,47061,9,0
85,81,41883,8,0
50,22,49414,10,0
16,8,358017,72,267
77,73,43187,9,0
63,39,170572,30,127
100,25,43693,8,0
83,75,595512,94,767
93,73,45249,7,0
80,66,541396,108,3099
75,63,46472,23,0
84,14,455694,88,969
78,14,45938,10,0
100,35,48935,8,0
18,3,328455,75,296
7,4,215258,47,160
52,21,97538,16,36
59,44,297539,26,210
70,30,43954,10,0
50,25,50249,8,0
92,91,41552,7,0
99,83,43938,8,0
91,62,39224,8,0
60,57,733650,97,7580
88,57,313516,69,284
55,53,298499,69,248
72,30,45132,8,0
96,16,46500,11,0
61,16,38359,9,0
55,25,48165,8,0
65,51,678964,143,2148
41,36,43969,8,0
78,42,44401,9,0
26,10,280222,52,187
46,26,43342,9,0
97,16,43694,7,0
90,25,41836,8,0
83,36,444872,87,312
99,64,51554,9,0
78,10,40317,9,0
55,2,48414,9,0
57,19,575330,104,1205
98,81,47032,9,0
55,33,587601,369,7398
83,34,172874,26,85
70,29,48372,7,0
50,36,44172,8,0
86,30,486867,127,834
84,80,312875,80,257
86,7,416137,56,428
93,59,45607,8,0
88,64,445064,75,363
84,83,812968,176,811
61,15,209173,54,1042
61,21,102627,18,39
78,5,47059,9,0
54,32,524873,106,590
44,6,38942,8,0
100,85,46775,8,0
84,13,45051,9,0
91,64,68101,8,0
100,54,42457,7,0
40,38,394094,69,2533
83,70,381185,68,290
62,3,218340,44,173
62,55,489428,97,1079
49,38,48909,8,0
81,63,42745,8,0
73,68,50979,9,0
70,3,45589,9,0
58,57,47944,9,0
10,3,97563,17,38
58,51,334484,66,256
97,51,38613,8,0
60,33,52334,9,0
76,35,43519,8,0
95,21,43624,9,0
85,82,426657,142,1446
82,65,399678,66,975
75,39,53325,10,0
83,17,378743,75,324
69,35,52413,8,0
43,31,462114,93,358
63,16,464392,90,905
22,10,47490,8,0
18,15,362666,64,254
85,71,337034,56,848
92,3,42514,8,0
84,44,1145674,231,4416
94,20,40913,7,0
43,28,365809,140,1043
83,65,45867,37,0
78,34,43195,9,0
36,6,316391,99,231
92,10,55138,10,0
96,2,50807,10,0
63,43,324599,59,237
69,1,41425,9,0
100,64,44409,7,0
69,30,48539,8,0
77,53,43292,8,0
66,60,46729,8,0
27,13,47616,7,0
94,13,49844,7,0
32,15,46159,8,0
86,59,399643,113,1738
45,20,46389,7,0
40,19,51985,8,0
92,50,47161,8,0
96,48,48808,8,0
85,14,248272,36,575
97,10,39405,9,0
46,17,43912,12,0
85,78,556359,128,1657
57,51,399505,72,1973
95,36,47420,7,0
39,16,44311,10,0
68,67,374759,73,592
92,85,61668,8,0
30,26,49100,10,0
53,44,198946,38,147
77,20,40487,7,0
98,64,48189,7,0
74,12,53827,8,0
20,16,365216,71,292
15,6,50657,8,0
32,9,47511,9,0
82,78,47900,10,0
80,42,658522,109,3359
49,28,44594,20,0
95,94,53542,5,0
69,19,45990,9,0
64,47,514342,87,691
64,24,105983,16,37
83,51,629714,127,2624
77,29,51110,9,0
83,55,706407,136,1410
36,7,47637,8,0
49,7,45861,9,0
67,32,54727,8,0
63,46,310620,53,229
85,65,102629,16,41
83,24,467955,88,402
36,29,42895,8,0
46,3,48820,8,0
84,6,401986,88,2696
88,10,306835,59,7221
65,64,487978,91,812
62,56,493105,93,477
55,36,47674,9,0
69,20,54398,7,0
23,4,467619,101,336
49,29,126095,30,83
66,59,46774,9,0
64,29,256289,50,195
54,17,467852,113,331
68,57,46112,9,0
50,21,48747,8,0
89,34,42603,8,0
53,39,374675,78,989
90,88,47662,10,0
56,41,325308,66,232
10,6,225801,62,151
50,28,42513,8,0
63,21,498997,96,791
96,42,44969,7,0
72,39,56692,11,0
64,57,52388,10,0
50,41,43461,8,0
96,49,44097,7,0
85,12,106287,16,38
59,28,51579,8,0
57,56,1034076,228,1908
84,45,556975,118,1250
32,28,189514,32,115
88,76,201637,55,120
84,40,361039,67,472
63,6,100715,34,194
72,14,48600,9,0
10,1,44900,9,0
84,53,383853,81,354
89,28,39986,5,0
59,52,665402,62,342
59,15,109916,20,78
87,14,355110,59,321
79,43,46798,8,0
86,21,645423,153,1821
29,19,51126,7,0
96,3,56674,9,0
73,22,43716,8,0
56,1,79614,7,0
67,20,53467,8,0
77,49,56829,14,0
60,13,345687,68,1074
91,80,60850,25,0
98,90,40928,8,0
39,10,48336,8,0
43,12,140698,21,75
75,1,44552,7,0
22,17,47182,9,0
73,71,50452,8,0
44,32,241366,36,114
32,2,40986,9,0
98,23,40566,7,0
62,16,337248,72,467
29,28,46762,8,0
25,24,407674,88,313
81,23,45539,8,0
42,11,247821,43,242
100,79,53947,7,0
96,92,47380,7,0
94,61,67898,8,0
99,47,49893,9,0
14,5,223868,43,912
85,39,45485,8,0
89,17,51784,9,0
19,4,43024,8,0
49,25,48687,34,0
89,46,54472,8,0
66,51,46392,9,0
91,38,50795,14,0
82,43,110030,31,49
62,2,44904,7,0
77,48,46540,9,0
69,47,37476,9,0
51,8,315049,73,228
88,11,622400,125,2317
83,50,349962,63,594
95,33,48011,8,0
100,9,87121,17,44
100,61,42633,7,0
97,28,44304,8,0
30,14,42737,9,0
99,94,47667,9,0
42,19,1003203,733,1182
93,68,42685,8,0
68,35,48387,8,0
84,54,749114,130,620
46,5,48960,7,0
49,3,96424,20,46
40,5,48927,8,0
32,11,46125,8,0
94,47,39913,8,0
48,4,995258,207,891
54,12,378381,73,284
100,41,41563,8,0
85,29,1000287,205,1064
81,39,55767,6,0
62,12,84583,16,80
64,58,309343,64,525
74,27,45543,9,0
93,83,51983,9,0
69,8,41529,9,0
46,44,49196,10,0
97,85,46499,5,0
82,63,340961,77,1009
51,42,534701,100,432
41,13,42708,8,0
82,2,51943,9,0
84,64,749842,126,739
32,16,48723,10,0
79,38,48191,8,0
76,11,45013,9,0
16,9,266667,56,193
92,69,49184,8,0
97,64,74137,7,0
66,12,58897,6,0
87,23,428688,82,1670
61,49,314813,64,580
55,9,525507,112,388
92,32,50213,11,0
94,59,55501,9,0
62,57,306309,66,2398
59,2,343199,42,4863
66,16,51234,8,0
17,14,414896,72,315
53,46,447040,82,698
87,28,404777,88,460
62,38,436208,77,6536
48,44,49029,9,0
78,61,49145,7,0
39,26,40626,9,0
98,97,42654,8,0
26,18,608948,134,939
46,2,45723,11,0
93,24,33812,8,0
75,23,56903,10,0
63,24,549334,106,431
8,5,189670,33,115
55,27,568985,102,1625
92,82,51793,7,0
90,50,47567,8,0
94,32,41644,8,0
59,36,176366,30,99
72,16,50396,8,0
54,37,47332,9,0
51,10,166213,33,223
95,81,37338,9,0
24,7,320050,56,324
95,84,433944,88,377
44,16,50166,8,0
26,11,604063,108,457
40,33,48017,7,0
48,15,46506,7,0
81,71,41205,10,0
89,59,43209,10,0
76,17,45620,9,0
13,3,472370,102,5956
48,12,43707,9,0
5,3,46063,8,0
90,80,44425,10,0
82,4,427959,80,777
42,12,399697,63,358
62,28,634762,268,11243
75,44,187283,967,0
48,45,447371,99,373
12,6,183846,35,126
44,23,46108,7,0
81,8,44579,8,0
68,37,44866,8,0
98,91,62188,8,0
67,43,50627,7,0
5,2,131304,26,80
86,60,517189,96,1289
75,57,49951,8,0
80,30,47797,9,0
14,12,408246,73,399
45,44,47883,9,0
98,41,43271,8,0
59,18,448376,89,1048
97,34,44778,8,0
87,55,379890,74,1446
53,32,290311,52,273
100,72,39357,7,0
66,46,39282,8,0
48,7,49010,8,0
73,17,42626,5,0
30,1,43284,8,0
30,4,46494,7,0
55,24,379936,68,1095
84,7,175856,32,264
69,44,51104,8,0
65,46,118286,14,45
91,33,43742,11,0
85,51,647254,147,493
45,43,56736,8,0
86,51,315271,50,194
49,36,47344,6,0
80,55,387917,75,749
54,40,330721,64,333
84,75,370876,88,273
43,24,481135,96,473
41,33,40616,9,0
62,4,43431,8,0
75,46,51839,8,0
70,46,45447,11,0
85,35,411961,82,341
96,90,40020,8,0
93,30,43049,7,0
98,89,49007,10,0
24,2,43563,9,0
96,76,51474,8,0
91,49,42147,8,0
45,42,43145,8,0
92,88,70879,9,0
31,27,37966,8,0
34,24,46928,8,0
100,60,42699,7,0
27,17,472828,81,392
77,2,58077,7,0
47,44,44454,5,0
66,57,48381,8,0
47,5,383109,79,307
45,14,46983,10,0
51,38,421612,69,318
39,35,46571,10,0
97,84,52754,8,0
100,19,44392,7,0
79,1,53167,7,0
64,16,636213,160,2398
36,21,48290,7,0
97,25,45091,8,0
92,72,48960,7,0
80,75,500164,104,2945
89,24,43900,9,0
32,31,50276,9,0
77,26,48205,9,0
61,2,42149,8,0
58,9,219522,41,1801
56,33,273732,43,223
41,18,143514,26,266
45,39,418849,92,519
63,53,315747,65,246
53,30,306967,50,201
77,27,70135,10,0
42,8,450613,96,1250
63,37,322119,70,238
96,67,46023,7,0
98,16,43053,10,0
70,8,46857,10,0
36,12,53271,7,0
65,45,218989,34,703
26,12,321625,62,217
76,29,43063,9,0
23,15,490483,84,344
17,10,646436,113,545
27,2,42312,8,0
77,6,227465,46,487
56,40,425271,82,302
29,1,40193,9,0
80,33,57486,8,0
25,8,43552,12,0
94,15,45661,7,0
74,18,59051,9,0
40,37,937762,191,1076
88,1,43944,9,0
99,2,46336,9,0
86,79,581874,121,617
76,31,55972,11,0
54,41,378256,80,293
94,87,54462,8,0
51,14,46319,8,0
30,8,45657,9,0
38,8,47740,26,0
14,2,46086,9,0
39,14,42393,8,0
91,63,45227,8,0
30,6,50798,9,0
83,23,418123,118,312
35,5,46056,10,0
77,68,73588,10,0
97,6,43377,8,0
97,52,48682,7,0
55,17,284963,92,228
92,18,45695,14,0
92,34,48400,8,0
38,2,85902,18,51
67,41,46162,8,0
96,83,60622,8,0
94,84,40198,9,0
53,17,48199,8,0
44,38,155926,64,309
96,29,46510,8,0
96,1,48973,10,0
27,23,447155,79,381
92,1,141333,8,0
65,5,41804,11,0
76,61,190401,36,109
100,70,42880,7,0
94,78,48450,9,0
94,68,53474,9,0
98,86,42804,10,0
83,10,44977,8,0
28,17,38212,9,0
98,93,51889,8,0
30,15,45925,11,0
96,62,37601,8,0
88,21,59785,15,40
37,8,48548,8,0
32,19,45764,8,0
68,22,43052,12,0
52,28,369961,74,266
97,21,40230,8,0
92,12,36679,7,0
82,52,571817,109,3040
79,57,45092,9,0
58,17,472745,91,523
19,3,337940,64,321
85,72,339416,58,343
85,48,429904,77,393
68,63,99182,16,38
54,30,297161,47,198
56,11,426569,79,385
51,44,377492,115,353
55,6,152782,32,1702
24,1,40047,9,0
16,12,316148,67,237
88,66,395507,104,3980
56,55,735259,139,599
83,46,498601,100,423
85,50,535521,126,668
34,7,47588,8,0
72,66,288364,54,584
100,23,42406,8,0
77,14,48572,9,0
52,9,771243,147,680
88,47,309668,135,259
93,78,45908,8,0
67,45,46548,8,0
93,7,188421,9,0
70,23,45623,8,0
95,42,48933,6,0
46,35,49397,6,0
94,83,51720,8,0
42,39,41694,9,0
96,19,51054,8,0
64,7,100147,20,54
31,25,47916,8,0
21,13,368160,79,281
73,48,43079,9,0
46,28,44128,9,0
97,36,41738,8,0
44,4,49373,7,0
39,12,47419,5,0
95,60,42643,8,0
45,34,91223,16,38
96,31,57480,8,0
84,10,442488,98,974
45,19,48627,9,0
82,71,44743,8,0
42,16,648659,117,581
91,85,47620,8,0
42,35,52271,8,0
91,40,49063,10,0
87,76,56143,9,0
86,16,156020,28,537
64,26,368767,68,376
60,6,46397,8,0
80,3,52831,8,0
89,12,66108,9,0
34,31,40276,9,0
30,9,94158,16,39
69,24,45955,8,0
81,19,51889,9,0
54,6,440679,94,306
90,63,110331,7,0
73,66,60726,8,0
70,27,52672,9,0
74,37,43567,8,0
63,44,315324,60,230
33,17,44947,7,0
75,4,45947,10,0
84,26,534635,87,845
47,42,46032,11,0
34,9,43297,7,0
83,22,416264,76,331
100,80,56842,85,0
92,51,47081,8,0
58,19,466689,91,446
57,8,278000,51,357
76,6,45659,9,0
89,67,39147,9,0
98,65,42158,8,0
80,52,195322,34,143
72,23,43806,10,0
67,35,45559,8,0
52,29,370979,63,251
90,18,83050,20,36
26,9,232926,45,166
35,11,43593,8,0
97,3,47465,8,0
82,26,478004,98,1004
41,37,43518,7,0
65,9,46067,8,0
59,47,50065,10,0
75,49,79867,9,0
90,17,46933,9,0
57,3,46592,22,0
42,7,88506,20,40
41,8,52674,10,0
18,9,52257,8,0
89,22,41636,8,0
54,35,462460,108,514
92,58,50701,6,0
82,68,47669,8,0
55,45,390872,71,344
72,42,47686,9,0
6,2,208425,57,155
97,96,63053,7,0
85,79,49190,33,0
25,23,316462,56,336
66,2,53664,8,0
49,13,47351,8,0
100,13,39325,8,0
33,20,48155,8,0
47,37,48787,8,0
16,3,103017,18,36
92,4,41764,9,0
67,27,48164,8,0
37,16,477519,129,824
72,67,381651,172,327
27,6,173602,36,542
38,28,275806,55,551
87,39,193859,36,142
81,75,42986,6,0
51,3,51945,8,0
66,39,47188,9,0
41,1,42073,9,0
79,73,81259,8,0
35,19,51584,5,0
74,44,60265,9,0
38,14,403701,73,423
84,60,313273,68,2653
33,15,45711,9,0
49,24,47889,8,0
78,16,50394,8,0
66,61,45105,10,0
59,54,844386,96,2631
67,14,619944,101,575
77,38,46912,8,0
64,3,391670,74,430
54,20,502428,100,539
100,88,174012,35,299
84,59,159162,34,415
66,10,46071,8,0
86,40,104675,18,84
71,55,51441,10,0
53,45,401023,75,358
46,21,49660,8,0
20,4,443195,90,382
62,13,307585,57,413
41,24,52231,8,0
63,18,93566,18,41
56,15,366792,70,301
4,1,87245,19,37
51,4,100656,18,175
93,80,60550,8,0
100,78,46234,7,0
90,29,104951,16,243
87,61,312169,64,313
87,33,351896,68,238
70,35,43578,8,0
86,61,54979,8,0
50,14,47354,9,0
70,18,47445,10,0
75,68,54840,8,0
45,1,50712,8,0
93,70,46814,8,0
84,55,191359,35,120
60,59,193700,38,681
93,21,48880,8,0
19,13,541404,99,820
96,86,43515,9,0
89,49,55193,10,0
85,64,105713,21,35
71,43,44735,9,0
70,13,65917,10,0
25,6,40458,20,0
71,35,51541,7,0
22,1,53444,10,0
96,88,46239,9,0
72,40,48294,7,0
43,25,376147,75,292
86,37,49581,8,0
32,3,97604,19,38
96,18,60057,10,0
37,13,46175,8,0
31,19,49770,10,0
94,54,51310,8,0
89,11,50647,10,0
69,50,43821,9,0
90,35,62241,8,0
47,36,335453,53,714
94,86,44503,9,0
86,34,484016,105,779
46,30,42582,8,0
94,56,52558,8,0
89,30,43385,8,0
88,70,432736,89,1523
62,18,387816,72,534
61,54,332211,62,234
30,5,45033,8,0
32,30,190973,33,113
83,28,551959,109,513
54,7,280478,57,465
74,8,54667,10,0
76,8,43516,8,0
56,44,784964,146,3768
64,50,470034,130,432
23,7,422223,83,301
73,31,42431,8,0
99,6,45290,8,0
71,56,49647,9,0
67,21,437434,78,300
43,40,394683,74,252
82,16,389422,73,274
59,29,763916,112,3727
86,15,1127781,207,5263
72,3,48085,12,0
68,56,48600,8,0
78,58,48012,11,0
50,8,59406,9,0
32,25,48115,8,0
41,19,47706,8,0
75,43,121277,9,0
75,38,58404,7,0
65,31,226149,45,156
33,29,45987,9,0
67,48,54552,11,0
76,26,98713,17,38
21,8,48655,9,0
91,55,52231,7,0
68,46,48723,8,0
90,60,40600,10,0
96,8,50543,8,0
97,65,36515,4,0
95,89,44280,8,0
97,70,45103,9,0
73,13,44500,8,0
70,39,43724,8,0
67,33,50374,10,0
70,15,47058,8,0
97,44,54358,9,0
86,22,377668,112,413
81,55,63507,8,0
95,58,44693,8,0
57,47,302370,54,184
68,53,44645,8,0
77,5,349827,63,467
43,15,860597,151,2089
83,16,324399,60,303
91,74,50915,8,0
64,56,475408,112,402
25,9,272157,51,212
97,15,43564,7,0
92,16,57058,8,0
27,12,521672,92,394
33,3,44192,8,0
57,17,571959,102,767
68,19,78315,7,0
18,14,376460,70,309
99,82,42987,7,0
44,9,50817,7,0
78,46,45662,8,0
76,32,47154,9,0
91,75,61235,9,0
94,17,43903,8,0
75,41,83182,14,0
72,1,48811,18,0
42,27,493386,94,345
86,67,436314,89,363
86,38,564324,110,836
68,40,94831,17,37
78,37,51374,11,0
64,40,351155,70,266
100,99,44756,9,0
65,10,42400,8,0
97,49,51164,8,0
91,65,45378,9,0
84,20,428297,115,820
48,38,373989,65,281
93,74,41110,8,0
95,68,66582,8,0
90,78,45397,13,0
82,39,586915,131,1013
53,18,216538,425,200
92,52,44098,8,0
69,39,47339,10,0
59,11,270617,44,1771
58,24,39705,8,0
25,13,402420,69,253
68,48,44092,8,0
69,42,69856,8,0
65,17,47008,7,0
80,1,45437,7,0
45,23,53282,8,0
91,36,44902,10,0
82,62,463192,272,1521
84,5,132791,26,105
94,12,48761,8,0
94,65,41732,10,0
64,1,48331,9,0
64,49,361399,70,270
59,48,378633,247,2819
47,39,45257,8,0
99,21,48834,9,0
22,5,101549,17,64
45,31,44716,7,0
48,19,149094,28,423
88,52,485351,122,478
84,63,534947,100,604
69,17,45613,9,0
92,25,40382,8,0
73,46,53086,10,0
97,83,42881,9,0
79,75,55668,10,0
45,28,110658,18,44
38,3,45127,7,0
73,42,43442,5,0
32,10,48384,9,0
87,58,365870,91,305
69,2,154904,30,87
47,22,458285,87,616
90,57,41525,7,0
88,81,43343,8,0
68,25,44381,9,0
77,63,93323,11,0
96,32,43772,8,0
54,3,54181,12,0
79,24,43114,8,0
58,36,422809,74,364
55,39,395330,116,331
90,12,44012,8,0
76,39,43456,8,0
87,52,357317,59,257
91,45,52476,8,0
91,46,49778,7,0
74,48,311532,58,224
82,79,47862,8,0
69,13,58548,9,0
51,5,223690,43,161
78,63,41895,8,0
66,48,48674,7,0
47,16,596433,126,453
90,4,94233,16,38
43,10,570037,110,733
85,63,46980,7,0
67,62,43149,7,0
40,14,47979,8,0
44,21,49412,8,0
92,68,43249,8,0
88,23,240016,49,174
42,23,688485,144,515
53,10,443294,80,518
87,68,383289,1487,389
36,19,85131,20,37
95,75,47921,15,0
54,26,1111910,335,1336
15,1,49502,9,0
80,13,54882,9,0
66,8,100212,9,0
51,20,525158,104,455
70,65,50548,8,0
85,68,679532,117,1959
92,64,48328,9,0
69,56,108656,21,652
98,13,44787,7,0
98,3,41555,7,0
53,2,41560,10,0
86,23,52480,10,0
31,9,49204,9,0
50,31,47762,9,0
22,9,567763,113,429
35,17,42473,7,0
53,27,47529,9,0
43,42,50874,7,0
99,63,55010,8,0
92,38,45839,5,0
100,24,78214,8,0
96,7,43829,10,0
78,73,355281,64,610
75,22,55616,8,0
60,46,477447,79,803
18,4,446913,86,360
51,49,43282,9,0
72,56,43897,11,0
4,2,237194,42,155
11,4,37154,10,0
94,69,44237,7,0
90,36,47732,8,0
21,17,64144,18,33
97,31,39939,9,0
44,39,47497,8,0
99,74,38636,8,0
96,20,51133,8,0
81,64,42012,8,0
54,49,405247,71,292
75,71,43454,10,0
59,32,665561,1944,785
23,11,172457,53,125
84,1,52390,8,0
98,69,46605,10,0
73,10,45995,8,0
38,30,344467,84,1381
33,30,39942,8,0
72,9,56299,9,0
61,23,148739,39,85
76,69,93249,24,894
83,4,46009,10,0
91,68,48809,9,0
98,24,44414,7,0
38,9,49028,8,0
85,69,346702,55,647
62,22,220502,43,199
32,5,46169,11,0
28,13,46705,10,0
57,4,295494,57,363
42,34,96623,19,39
67,34,58711,8,0
74,17,38992,9,0
65,16,41533,10,0
34,30,57064,7,0
96,91,38122,8,0
56,43,370365,67,1203
53,16,489591,91,425
91,69,50102,9,0
39,28,45447,8,0
77,65,39934,6,0
58,45,42213,8,0
55,54,654658,159,1629
25,21,229011,44,154
78,11,49605,12,0
21,9,318017,68,224
19,12,227016,34,149
18,16,366915,75,312
84,27,330896,50,336
35,2,52909,9,0
45,2,97353,19,41
32,8,40323,8,0
95,90,47777,7,0
23,8,568581,104,428
85,62,399470,105,306
84,30,531789,91,1121
41,31,46057,11,0
32,14,48406,22,0
77,25,46493,5,0
90,19,82872,17,35
23,20,390720,72,282
60,12,47128,8,0
76,5,46291,7,0
90,45,47801,7,0
26,6,286466,67,191
35,20,47886,9,0
31,2,229456,45,859
71,9,184876,37,147
71,4,84849,17,35
19,6,47810,8,0
92,7,51845,8,0
52,15,474392,83,499
96,52,39840,7,0
17,2,49754,4,0
41,4,42815,8,0
100,10,43073,7,0
88,53,339010,65,579
91,34,38882,7,0
98,63,48691,11,0
65,30,90820,18,41
35,30,54532,8,0
89,57,43346,8,0
94,23,142647,23,96
100,57,38723,7,0
97,29,44541,7,0
49,47,46904,8,0
82,42,545293,257,1752
80,10,43983,8,0
43,32,514986,124,705
80,41,918129,162,10070
51,29,419142,81,339
40,1,45482,9,0
99,17,46983,8,0
79,77,53409,9,0
51,9,427646,82,324
41,39,41111,22,0
78,24,55049,8,0
92,66,224037,65,144
64,27,405455,92,333
30,22,99517,20,39
100,62,46766,7,0
11,8,191086,34,121
89,38,50671,10,0
83,68,369339,86,3314
93,10,48307,11,0
72,68,282686,49,357
62,23,557566,108,1840
74,30,46786,8,0
96,94,46369,8,0
93,29,44252,8,0
71,32,45276,8,0
71,66,50915,10,0
52,16,143934,27,87
87,84,659895,115,11363
99,48,43828,9,0
56,45,416098,80,814
50,23,42126,6,0
89,4,48436,9,0
78,9,44322,8,0
90,70,39742,7,0
91,61,50299,8,0
25,16,295707,61,1054
41,28,48189,8,0
37,14,43770,8,0
60,4,47918,10,0
89,58,44371,8,0
53,14,857690,151,778
86,83,457378,92,3856
77,57,44376,5,0
87,2,50615,8,0
98,44,42280,8,0
71,63,43102,12,0
100,40,34908,7,0
94,67,47623,8,0
56,48,422014,79,613
80,18,53643,9,0
73,6,49549,8,0
99,61,56801,9,0
17,5,333726,64,562
88,58,47278,8,0
63,61,371748,67,304
27,5,47379,9,0
72,47,43430,8,0
65,37,244422,41,748
45,3,100623,14,180
100,55,47959,7,0
72,38,42509,9,0
90,73,43882,9,0
85,28,531441,123,4485
56,29,517598,111,380
78,44,46540,9,0
9,7,148629,21,194
50,49,50692,9,0
44,13,58379,8,0
19,9,280111,50,186
80,77,322237,60,1163
57,38,447843,85,468
31,18,55243,8,0
45,25,48769,9,0
73,23,46174,9,0
68,20,105429,16,35
76,4,46481,5,0
27,1,38977,8,0
77,44,45512,5,0
99,60,50907,9,0
61,8,327170,38,632
85,66,386395,70,811
86,20,46336,7,0
73,53,49023,9,0
52,4,42931,8,0
25,2,46374,8,0
40,18,50545,8,0
62,53,379891,81,737
16,15,464662,90,435
84,77,654020,144,583
43,35,518776,91,430
92,49,51750,9,0
56,49,103163,15,1171
25,10,41493,6,0
81,24,44788,10,0
79,32,50769,10,0
69,16,49401,8,0
77,11,47190,10,0
55,50,299061,54,242
88,46,405227,77,605
85,24,123875,7,0
44,17,56282,9,0
74,53,135705,27,80
50,42,61688,10,0
99,40,44807,8,0
90,47,46180,7,0
94,11,49513,7,0
78,3,44891,9,0
26,17,423528,73,301
40,23,50497,8,0
87,26,418793,84,283
85,52,492775,119,493
76,73,102159,16,343
64,51,470368,83,439
58,56,304058,44,457
22,2,46619,9,0
48,31,243153,38,151
78,71,244550,39,147
95,66,56932,8,0
96,65,40132,5,0
99,50,45442,24,0
49,20,47950,7,0
89,74,103960,22,591
80,50,510180,137,503
71,40,61564,10,0
89,50,51746,8,0
79,5,147028,28,102
71,1,50321,8,0
48,35,282762,58,1203
74,34,51560,7,0
64,42,398630,77,354
43,39,51235,11,0
61,6,192807,30,66
17,12,47767,8,0
92,42,52834,7,0
30,19,47027,9,0
45,10,42973,7,0
64,25,377007,74,264
91,6,45439,7,0
88,68,389715,70,398
63,17,365534,135,334
30,3,42914,8,0
5,4,221665,49,170
52,26,364718,79,281
83,26,48099,8,0
96,35,50346,11,0
18,17,476104,90,492
33,22,41495,10,0
49,14,44836,11,0
48,9,45696,9,0
84,22,499044,82,759
98,47,42347,8,0
50,38,48153,9,0
45,11,37331,8,0
90,52,47661,8,0
93,84,49991,8,0
64,9,476794,86,927
97,63,47511,8,0
70,22,48936,9,0
42,21,51269,8,0
34,13,44018,21,0
69,4,42916,8,0
81,69,97200,19,600
32,12,48538,7,0
99,3,48534,8,0
77,72,46661,8,0
75,5,49739,11,0
72,54,44080,8,0
71,22,40912,9,0
47,30,695556,122,1572
87,13,461238,82,350
23,17,545100,104,487
99,34,56510,8,0
86,48,162505,32,101
54,22,285118,47,415
87,22,296020,54,1584
52,33,514311,253,734
20,14,260296,53,309
64,53,464234,96,341
70,16,54002,8,0
70,19,55343,8,0
66,3,56142,367,0
80,20,50604,10,0
89,70,118312,16,99
39,7,46613,7,0
93,33,42229,7,0
89,26,48346,9,0
73,54,62200,10,0
31,10,45702,8,0
43,1,87873,20,42
74,11,45132,6,0
59,1,60478,8,0
74,51,134896,23,73
65,22,126059,26,85
57,49,442265,86,1035
27,3,43425,6,0
78,18,44035,9,0
80,53,387842,85,1080
97,47,48653,7,0
95,65,50758,8,0
41,3,45615,8,0
85,75,456505,90,503
95,29,46320,8,0
96,51,40439,7,0
90,37,39562,8,0
91,66,43938,9,0
77,28,51653,9,0
30,10,45429,22,0
70,57,46145,9,0
31,6,234410,60,151
38,36,49891,8,0
77,43,44590,8,0
29,6,44096,9,0
50,47,51062,8,0
40,35,48083,8,0
19,10,41442,9,0
95,85,45495,9,0
100,63,47203,8,0
87,50,405012,77,745
60,24,517660,107,2893
29,14,41628,8,0
23,6,175671,119,120
19,7,285239,49,200
100,37,54024,8,0
66,29,39862,8,0
64,15,529679,107,1496
79,53,51137,7,0
70,32,56110,9,0
98,53,51197,10,0
60,34,394748,66,1204
97,9,42430,8,0
77,16,51706,9,0
88,36,216619,35,112
77,3,89242,21,104
52,11,327285,53,289
65,3,51283,7,0
22,8,562844,124,440
88,54,539059,102,1520
94,73,45600,8,0
85,8,504218,134,972
89,77,86653,15,39
71,5,94055,16,117
98,83,278107,47,162
74,64,369834,82,260
27,15,639550,140,1051
76,49,48238,8,0
48,10,47126,8,0
62,29,516134,93,845
35,24,42774,11,0
97,94,53909,9,0
41,17,40009,6,0
78,49,48175,9,0
38,19,51206,10,0
63,27,46528,8,0
66,27,45842,9,0
78,60,41820,8,0
84,19,368935,97,285
54,13,381796,66,545
18,1,44035,8,0
76,64,222687,55,147
79,71,94500,35,0
33,8,53305,8,0
94,26,72211,7,0
63,7,486556,105,359
80,73,237273,38,169
23,12,172971,54,122
99,91,40241,7,0
69,21,44418,7,0
50,13,48068,7,0
82,56,229168,43,212
74,73,335926,63,266
82,18,449425,82,316
61,60,481485,94,388
89,64,113107,17,87
69,51,43783,9,0
68,2,49378,5,0
27,18,642655,117,754
41,30,93955,17,43
45,29,46107,7,0
86,76,463806,87,570
79,27,48937,8,0
71,30,45887,8,0
100,46,43080,7,0
89,54,48376,8,0
54,29,256725,39,158
54,14,370646,86,286
38,25,48618,8,0
88,15,132527,26,2349
58,32,48031,12,0
70,44,45080,8,0
33,28,34105,8,0
97,30,44158,7,0
76,9,47044,9,0
83,11,350323,64,362
78,30,47770,12,0
96,70,44922,5,0
87,72,1022526,207,14390
53,20,50058,8,0
75,40,39443,9,0
34,20,432389,84,311
33,4,41094,10,0
24,20,492291,111,340
69,58,150489,25,80
62,17,327879,57,245
63,1,46643,8,0
98,74,44593,7,0
83,56,400392,72,1409
51,37,375669,72,273
74,15,42885,10,0
24,15,382642,66,285
75,7,36379,8,0
40,16,49822,9,0
55,4,47646,8,0
61,51,41593,8,0
51,16,424438,112,4383
87,36,326865,62,223
93,89,42299,8,0
70,61,47033,7,0
53,42,612819,191,1082
47,21,49789,7,0
87,69,390211,82,3188
69,59,39467,9,0
63,10,368676,98,314
32,29,48697,8,0
83,60,468232,84,2701
30,28,44635,9,0
93,60,47850,8,0
95,78,224128,40,201
62,20,553412,115,603
91,43,53363,11,0
91,29,43627,8,0
77,23,52493,9,0
99,44,51007,8,0
65,1,49776,33,0
79,3,159292,29,245
100,75,49458,6,0
53,35,225737,44,151
47,34,90516,20,35
69,45,39891,9,0
80,47,153055,26,117
63,33,573465,109,498
90,42,45933,7,0
67,15,348339,77,346
98,32,47767,9,0
44,41,261355,46,155
100,69,42416,9,0
65,11,57449,8,0
34,4,49807,7,0
86,81,107451,51,42
98,95,57479,9,0
58,18,463656,119,378
95,23,41419,10,0
82,46,282321,63,340
55,44,376841,85,1465
38,35,37502,8,0
93,31,43099,7,0
92,57,51893,8,0
82,33,380650,74,344
46,10,41481,11,0
50,17,46518,7,0
66,11,40996,9,0
34,16,53776,8,0
100,7,42840,8,0
56,31,487849,122,517
84,70,48763,7,0
68,30,43662,9,0
75,35,41969,10,0
50,19,46740,8,0
96,39,56689,8,0
39,13,46329,8,0
68,33,42723,10,0
13,10,185872,35,1085
46,29,45543,8,0
47,7,583432,133,463
89,66,150591,29,107
64,4,44955,5,0
66,34,45923,23,0
92,87,50521,7,0
71,50,44043,8,0
60,36,600837,114,3002
53,19,369788,73,377
24,14,372797,81,267
97,53,44456,8,0
63,35,271647,64,186
69,57,48058,8,0
70,33,44269,8,0
59,57,47274,8,0
85,18,190401,40,111
83,1,48621,11,0
64,60,435624,83,595
72,28,47486,9,0
32,4,52342,8,0
78,36,53956,8,0
47,25,49166,9,0
85,49,478686,106,434
29,21,49971,10,0
86,42,388052,79,247
100,98,39240,9,0
65,13,42636,9,0
89,42,50004,8,0
74,56,223077,37,211
34,2,48638,7,0
58,26,516761,104,1162
83,25,50650,7,0
52,24,379909,75,280
30,12,48269,8,0
97,60,46766,8,0
46,37,40556,9,0
100,16,3028422,727,6454
61,59,86599,17,36
59,38,175648,31,553
61,5,644211,100,3343
53,25,862554,170,2073
70,56,52375,10,0
43,3,142159,24,80
98,19,46964,8,0
56,20,250431,39,175
92,24,46696,8,0
94,88,44446,8,0
81,20,40322,10,0
25,12,44147,11,0
57,33,318515,54,339
70,53,50375,9,0
70,26,49242,12,0
37,11,39385,8,0
98,42,42402,9,0
41,23,49155,7,0
82,44,275019,52,208
68,45,45866,9,0
87,18,221148,62,174
79,26,43603,8,0
81,43,46778,8,0
94,18,41766,8,0
64,55,410540,83,316
59,23,1905380,352,17097
94,39,44193,8,0
78,65,50693,8,0
80,23,47529,9,0
52,47,419614,109,481
57,5,52361,8,0
86,25,320044,273,759
87,79,194246,29,111
84,74,381694,73,274
69,18,44254,8,0
78,56,50656,9,0
10,2,93256,19,38
28,19,43164,10,0
78,62,45893,9,0
97,8,50654,8,0
58,22,466773,86,345
33,19,144513,61,84
76,48,48987,8,0
60,29,169599,27,85
21,16,394785,101,464
93,86,47780,10,0
81,65,43669,8,0
80,74,230390,41,378
60,7,443963,88,356
74,38,45717,9,0
38,32,580446,102,449
69,9,37184,9,0
40,3,100794,17,60
33,5,47231,9,0
94,10,48972,6,0
61,27,361068,72,401
43,11,470513,90,394
19,2,41248,9,0
12,2,108393,17,194
45,40,209814,52,305
89,75,92556,15,90
83,15,224353,60,233
81,30,59400,8,0
53,50,361057,71,276
52,5,370359,80,298
31,22,93358,19,39
22,4,153005,27,74
34,25,130197,23,76
83,30,346252,66,400
55,47,516792,103,693
70,34,50261,8,0
80,28,46350,8,0
96,17,45859,8,0
74,26,45612,12,0
60,27,646969,105,723
49,15,47834,8,0
88,44,356566,66,461
27,4,100027,17,41
87,6,143362,29,81
35,34,52027,10,0
95,1,43613,10,0
75,47,75646,8,0
62,33,55968,8,0
73,49,63702,8,0
72,17,51116,9,0
86,36,499140,98,347
71,8,45395,10,0
83,54,345330,62,785
50,35,48453,10,0
66,30,46703,10,0
52,41,517508,101,382
20,6,132200,28,81
26,22,304001,56,1391
14,6,44726,8,0
65,57,55943,9,0
97,73,37862,7,0
67,53,52227,9,0
43,20,415235,69,1085
23,10,126031,27,114
89,15,50212,8,0
52,44,409123,82,367
22,11,257075,56,193
75,72,39356,9,0
87,65,431060,79,320
92,20,45688,7,0
80,24,48445,9,0
51,28,52830,8,0
87,44,409547,73,581
96,68,48490,8,0
46,45,42167,10,0
96,60,44314,8,0
75,74,47789,9,0
24,4,40354,10,0
85,38,350419,60,224
84,33,417513,83,754
59,6,414343,36,1028
89,9,55735,11,0
58,12,311826,50,546
51,15,381936,83,1591
50,32,47747,9,0
44,36,532088,2370,622
58,50,743465,128,4195
68,14,48028,10,0
23,22,589071,111,489
96,38,42585,8,0
100,82,51829,8,0
74,42,47094,8,0
69,37,55500,8,0
79,52,49841,9,0
87,35,497759,100,359
39,6,48456,11,0
46,8,46524,8,0
81,1,49975,8,0
68,52,43349,10,0
70,28,45095,8,0
52,2,44410,9,0
14,13,675669,129,1425
37,31,48611,8,0
40,20,53142,8,0
83,19,468051,113,357
82,59,471992,77,1003
57,11,243282,39,284
33,7,43855,9,0
86,44,656150,152,1788
50,11,45171,11,0
95,15,55692,9,0
45,33,43508,27,0
80,61,261909,48,196
82,31,94501,18,288
99,69,53818,9,0
76,33,43165,8,0
86,64,451484,110,596
73,67,47013,9,0
84,78,317614,72,235
91,87,50616,9,0
78,67,134278,27,81
36,17,37630,10,0
32,7,45882,7,0
91,11,43795,7,0
81,34,60944,8,0
13,5,41444,9,0
51,22,526993,141,815
89,62,150426,26,301
97,14,45274,8,0
87,32,350166,83,478
87,66,299982,55,238
86,55,301840,59,680
68,17,43080,10,0
46,40,49263,8,0
26,14,530429,90,467
58,31,95115,15,38
83,52,49982,10,0
100,90,232379,33,475
57,21,419995,86,930
81,14,42117,10,0
60,1,46983,4,0
47,14,43889,8,0
92,84,57420,8,0
48,18,583101,138,701
21,10,46848,9,0
87,45,422079,78,596
36,30,43652,8,0
77,45,51446,11,0
27,20,48318,8,0
66,17,39282,10,0
71,51,42127,8,0
95,92,45302,11,0
93,64,61412,8,0
85,19,582879,117,637
99,58,45128,9,0
58,5,96338,10,0
97,74,41194,11,0
40,29,49029,8,0
96,22,41732,10,0
63,12,143722,26,78
62,27,521125,97,702
82,45,552314,115,859
100,31,42296,9,0
95,80,49138,10,0
42,17,630852,140,542
33,21,46528,10,0
59,17,355884,92,955
28,14,37204,8,0
30,11,51475,9,0
31,15,46005,9,0
8,3,48220,9,0
88,63,376631,68,330
86,49,250713,45,590
67,26,58972,11,0
93,82,51278,8,0
83,80,48922,10,0
34,28,54354,7,0
93,39,46415,9,0
64,11,463720,104,948
39,18,46814,9,0
93,1,51407,8,0
95,19,47477,8,0
62,48,557410,109,396
55,49,472273,80,1526
70,31,50626,7,0
87,9,93428,18,41
54,11,98938,17,39
33,23,50381,10,0
82,13,402353,69,617
80,16,45067,9,0
89,19,42779,8,0
99,31,54753,11,0
96,21,43668,8,0
75,13,46135,8,0
50,29,41575,21,0
71,12,49887,6,0
73,63,52240,8,0
80,2,50057,9,0
73,28,42930,8,0
89,6,55555,11,0
15,4,52227,9,0
79,51,61888,9,0
65,18,48369,8,0
15,9,368355,95,286
99,20,48694,14,0
58,23,459926,85,358
87,34,608517,117,472
83,39,455405,84,354
58,44,566205,102,1023
78,64,46980,7,0
86,47,599109,101,1249
66,54,46108,8,0
88,83,409272,89,508
58,7,52856,9,0
44,30,53199,7,0
42,22,458960,106,432
95,5,49633,10,0
93,61,46542,7,0
67,17,423638,69,546
66,43,46831,10,0
51,17,431667,135,430
87,15,565159,287,2859
72,48,47706,8,0
29,23,43267,9,0
72,27,48521,8,0
67,58,47145,8,0
71,49,44292,9,0
70,50,48193,7,0
91,21,37886,8,0
88,82,47796,8,0
95,44,47960,8,0
63,25,445832,94,412
100,39,41344,8,0
78,25,49382,10,0
44,20,54239,9,0
83,74,364489,63,552
26,21,466096,89,483
84,76,369154,77,807
52,40,472516,103,372
57,13,242288,45,397
61,29,395483,532,412
68,32,43455,10,0
89,31,51347,9,0
65,63,226030,258,250
64,20,122147,21,267
46,24,48604,11,0
49,5,39178,9,0
61,43,375751,115,396
82,40,100923,16,40
65,39,48791,7,0
85,33,101211,19,41
20,5,90142,16,37
33,9,50435,9,0
72,70,373330,82,932
72,36,52817,7,0
80,29,48146,5,0
80,51,51639,8,0
88,33,858560,206,992
95,50,61660,6,0
83,45,375209,74,265
98,14,42700,8,0
71,20,66200,9,0
83,33,493424,85,680
59,14,209323,41,297
84,61,482221,95,584
23,5,94458,18,45
91,16,51395,4,0
52,49,423445,81,1065
37,2,46945,9,0
19,1,42929,11,0
62,11,413497,69,634
73,56,105523,8,0
68,11,53734,8,0
94,9,49647,7,0
60,26,600305,201,2498
81,21,48804,7,0
88,40,49204,7,0
75,58,44376,8,0
73,15,51449,8,0
82,36,533058,103,838
86,62,446247,251,992
70,48,42078,9,0
73,57,39869,8,0
39,25,41937,8,0
81,56,55671,8,0
86,9,43158,8,0
94,80,45448,8,0
64,5,48045,11,0
61,28,415942,74,1308
63,42,239833,41,141
92,33,45160,8,0
51,41,427566,87,338
48,8,46627,8,0
76,1,50640,8,0
78,15,46233,12,0
73,65,52186,9,0
69,61,50342,7,0
47,2,45036,8,0
87,43,402731,75,327
75,51,52077,8,0
80,14,56122,9,0
91,24,47828,12,0
57,40,475402,96,4711
95,3,45510,8,0
85,11,384668,65,1198
96,33,43991,8,0
80,56,282736,51,493
87,5,506545,126,381
67,42,41714,8,0
60,49,62800,12,0
95,45,46567,9,0
53,52,425922,86,344
21,4,47836,8,0
98,57,50418,8,0
97,56,74126,7,0
93,48,44722,8,0
95,34,49107,9,0
84,2,85736,24,54
56,52,489817,106,578
44,35,158948,27,152
64,52,98890,18,47
89,68,177074,805,1824
50,46,47872,8,0
91,37,43315,9,0
28,2,40966,8,0
64,45,513228,91,365
74,16,47718,11,0
31,26,36978,8,0
92,26,35560,7,0
95,39,51836,9,0
67,36,40074,12,0
96,57,44679,7,0
57,53,363561,59,824
51,36,370280,72,267
87,41,419747,77,470
90,75,52529,6,0
49,39,44642,9,0
38,34,42258,8,0
70,12,48710,8,0
87,16,461737,83,389
68,23,49365,8,0
51,23,424254,110,356
43,9,486360,143,414
58,52,410944,77,902
63,55,404222,76,298
21,15,301509,60,250
71,33,39611,9,0
60,55,58160,9,0
58,41,51832,8,0
57,46,463324,75,305
76,13,43272,8,0
72,57,47790,7,0
35,18,42193,8,0
89,3,46538,8,0
90,54,43612,7,0
86,11,99242,15,45
64,28,409748,76,410
68,9,50562,8,0
68,3,44645,8,0
87,83,585732,118,11962
80,71,313566,56,191
52,31,319666,67,235
44,19,50224,7,0
68,42,45676,8,0
94,3,35788,5,0
56,18,432885,89,314
98,49,47573,7,0
85,77,98919,15,38
73,14,39750,8,0
60,48,191347,24,102
38,15,42685,7,0
100,2,48653,7,0
90,28,45163,9,0
94,45,43333,8,0
96,37,46767,8,0
95,56,52758,8,0
40,15,47570,8,0
94,71,45270,9,0
93,36,44000,8,0
73,7,53790,8,0
93,58,41424,8,0
93,22,37364,8,0
84,29,324667,56,492
61,50,421391,80,421
59,20,443563,84,865
54,45,346525,58,228
32,1,46418,9,0
80,79,588163,99,1439
31,23,50291,9,0
84,24,439161,102,774
60,18,1266924,257,1316
92,46,49723,32,0
72,26,54084,7,0
86,57,633120,113,623
48,23,143599,24,75
16,10,421631,86,313
34,5,47328,10,0
82,17,555837,95,431
75,15,46999,8,0
77,70,48077,8,0
31,17,41973,7,0
22,3,373751,100,286
10,9,497226,94,421
99,72,47115,8,0
59,45,737919,110,5126
67,39,45557,7,0
69,67,52855,7,0
92,90,254167,43,1426
73,36,48528,7,0
60,19,492773,86,623
66,7,46619,6,0
33,2,54415,8,0
31,21,46659,9,0
38,27,50331,8,0
81,67,37002,10,0
62,45,391192,73,290
94,19,36415,7,0
57,55,421661,87,299
55,20,562056,105,903
31,3,49819,8,0
90,9,51500,7,0
89,63,44842,7,0
65,61,440382,83,617
36,16,47238,8,0
37,22,44464,9,0
90,83,42520,8,0
42,20,50580,10,0
28,26,49289,8,0
36,28,47696,9,0
45,15,45464,9,0
81,66,47568,8,0
56,2,46940,9,0
71,16,51003,8,0
74,28,43183,8,0
86,50,502451,81,2053
68,60,48770,8,0
68,28,46660,9,0
92,79,111189,15,35
86,46,231771,39,129
54,9,98165,17,38
68,8,50344,8,0
98,30,44883,8,0
98,38,41933,8,0
80,59,217307,45,2449
77,15,50253,9,0
42,24,46049,9,0
50,27,45374,10,0
82,21,228513,74,276
46,18,108988,16,37
20,1,42688,9,0
40,7,50517,9,0
79,69,42928,9,0
79,37,45997,8,0
81,31,53110,6,0
69,41,55369,27,0
23,1,47804,9,0
85,20,480824,119,1911
75,12,51722,8,0
25,5,483712,85,343
7,5,93734,15,40
86,52,766956,209,978
94,82,57779,9,0
71,31,44883,9,0
76,7,46815,8,0
45,7,43733,9,0
99,97,149600,21,67
76,52,45475,8,0
83,48,339249,63,269
82,1,45038,9,0
88,26,813700,199,4029
44,43,94107,15,38
33,26,44677,10,0
46,36,49651,8,0
49,8,50543,8,0
80,6,54062,9,0
78,75,400027,70,828
92,65,91644,45,164
98,54,52638,8,0
75,25,47468,8,0
81,59,118588,17,51
87,71,507119,107,1559
97,45,45795,6,0
85,26,429535,92,580
60,32,454988,80,714
40,26,49643,8,0
70,36,46080,9,0
46,12,41774,8,0
83,8,50305,8,0
85,1,1201896,206,2948
57,54,415860,97,2680
70,47,176507,35,170
38,7,41106,9,0
84,32,107257,27,82
68,65,155649,42,210
32,22,41946,8,0
55,29,383693,77,1714
96,53,37078,7,0
78,48,85846,17,84
91,71,47885,20,0
70,66,202983,31,146
98,58,46473,8,0
85,59,623793,112,508
58,30,362002,94,567
91,30,44060,8,0
77,12,46474,9,0
70,41,42724,8,0
79,67,57100,10,0
24,11,235610,42,152
61,41,332714,58,468
85,16,850930,139,1262
84,57,243082,43,206
76,72,172733,37,139
47,4,43876,8,0
88,39,519640,101,362
70,55,45097,8,0
18,5,43303,9,0
95,38,49515,8,0
95,87,41439,9,0
83,76,424050,110,560
78,38,40934,9,0
47,38,268595,44,226
27,9,313439,63,308
59,50,1335789,456,8269
3,2,44270,8,0
67,44,44018,8,0
77,46,55090,8,0
71,3,45647,9,0
46,43,45721,9,0
46,39,47397,10,0
64,48,261352,49,267
93,12,46657,8,0
54,18,336067,67,245
7,3,48055,8,0
95,25,49343,10,0
93,43,41835,8,0
98,31,50309,8,0
69,54,50414,10,0
29,4,44267,9,0
89,21,49714,9,0
83,3,270177,50,194
60,3,514769,87,408
78,68,136013,27,85
85,42,390050,68,317
54,5,99164,18,41
99,10,45239,7,0
57,42,269790,58,711
83,6,48054,7,0
81,15,44461,8,0
41,2,45336,7,0
91,78,51218,10,0
92,44,57120,10,0
60,30,37492,8,0
27,26,442008,77,316
81,10,46608,11,0
91,83,77538,9,0
79,22,52543,9,0
87,3,101363,23,551
93,25,45052,11,0
95,86,44157,8,0
82,47,330934,62,358
79,31,53133,8,0
95,12,45964,7,0
98,39,43928,8,0
76,2,42335,8,0
97,7,48390,8,0
73,21,50931,9,0
66,40,45765,8,0
71,36,48457,7,0
77,51,44862,16,0
39,29,41171,10,0
91,20,45018,8,0
100,92,44966,8,0
97,71,47937,7,0
11,6,294509,54,507
44,28,80499,1772,0
76,3,41852,9,0
99,54,50422,20,0
92,11,48201,8,0
43,14,660903,240,1000
100,65,43361,7,0
91,57,47466,8,0
82,74,44995,7,0
55,15,91064,16,41
95,27,50976,9,0
94,79,50979,9,0
67,1,41671,9,0
88,27,559663,124,2128
93,66,49092,7,0
99,33,53046,7,0
87,73,696268,126,805
83,64,415906,83,319
78,47,54367,8,0
72,45,42918,9,0
46,1,43505,8,0
80,62,151156,41,77
65,60,437043,88,320
69,60,48196,8,0
72,59,54711,8,0
41,11,49811,10,0
8,4,95965,19,42
61,31,404171,73,522
82,28,257000,61,173
15,7,362074,106,360
82,5,57689,9,0
54,31,91052,18,47
99,42,48109,9,0
15,14,969114,203,1380
82,67,50397,7,0
72,46,48621,8,0
53,34,52227,7,0
77,1,55429,8,0
69,38,54124,8,0
62,43,51823,8,0
51,30,416532,78,342
27,7,46876,7,0
88,13,218451,25,174
28,10,42460,7,0
80,43,310499,42,3100
63,14,417097,80,431
90,65,36038,7,0
66,42,49273,8,0
72,43,43800,8,0
85,17,349911,61,451
11,10,583921,115,467
68,31,46536,7,0
59,22,288595,55,936
54,39,48438,11,0
84,36,322700,56,232
98,71,43628,7,0
93,51,42311,8,0
97,76,97464,17,42
23,16,545160,125,392
95,63,49436,9,0
12,8,281606,50,1654
92,47,44559,8,0
71,28,42635,8,0
30,2,42974,8,0
77,19,47925,11,0
92,35,47302,8,0
67,61,43736,12,0
86,35,482200,90,460
55,5,49801,9,0
75,54,59094,7,0
43,41,52248,8,0
15,3,367929,80,371
61,32,531988,94,684
78,32,42262,10,0
92,41,39216,8,0
97,89,47483,8,0
92,74,42752,7,0
88,77,426493,87,836
71,27,46863,8,0
61,10,223223,47,729
84,67,535411,101,1924
40,11,48729,7,0
41,22,51805,12,0
63,8,98053,20,96
83,40,40363,8,0
55,41,383763,90,841
60,25,549537,118,6045
91,58,40184,8,0
91,60,44276,8,0
93,2,50488,8,0
93,54,48965,7,0
95,14,48081,8,0
78,29,46436,6,0
91,50,46917,8,0
58,39,436183,82,452
54,33,101094,17,44
64,35,400468,79,313
90,49,49841,7,0
62,8,45926,9,0
71,6,145859,25,121
43,26,47053,8,0
78,52,48993,11,0
12,1,41247,9,0
58,43,501150,111,1310
58,13,148531,26,306
89,78,156509,924,104
82,8,522825,140,431
98,66,50716,12,0
87,8,285954,55,207
61,14,377482,64,333
71,67,48577,12,0
70,49,50913,8,0
44,29,105135,19,36
72,53,53880,8,0
22,16,141257,24,78
28,25,49281,10,0
84,31,607015,119,1071
99,55,49886,8,0
100,8,910216,204,748
20,18,325499,65,228
10,5,96539,14,46
79,40,45384,22,0
35,1,39771,8,0
54,50,250585,46,320
68,6,47223,44,0
80,15,44642,8,0
42,40,38153,8,0
65,43,453680,79,1710
88,71,917964,162,3484
53,38,43341,8,0
83,43,427291,96,402
66,58,41080,5,0
99,84,45468,7,0
95,26,44567,8,0
96,23,47227,8,0
94,37,46495,7,0
80,37,49634,8,0
69,6,39993,7,0
58,33,483662,89,619
81,79,49815,8,0
74,2,45749,10,0
55,26,53463,8,0
51,26,474753,97,484
68,24,48898,8,0
52,38,394697,81,1430
41,40,41951,20,0
48,2,43020,9,0
100,18,44178,9,0
81,2,47708,9,0
67,8,496605,100,397
90,10,50492,8,0
58,27,702264,121,524
74,41,51261,9,0
57,32,124072,59,91
96,55,45827,7,0
95,17,51022,8,0
61,9,585696,209,3616
57,9,180180,43,1279
41,15,39849,9,0
59,55,500705,130,714
39,9,50687,8,0
49,23,51028,9,0
98,4,37529,8,0
9,1,47131,10,0
84,42,378819,88,310
70,1,48087,24,0
46,41,69959,10,0
76,10,43940,5,0
67,64,45820,9,0
56,24,405993,84,312
53,41,326419,69,802
87,75,155098,52,2868
9,8,45569,7,0
73,19,61468,8,0
55,14,101384,18,39
88,73,160115,34,159
74,61,382207,71,730
57,23,965225,197,5105
43,19,345217,65,1069
65,24,127085,24,74
76,55,47181,8,0
42,5,93169,19,41
77,60,370227,58,9273
79,78,42110,9,0
85,27,480881,101,1242
92,62,55422,8,0
60,37,365731,66,1447
71,2,366069,56,226
90,11,44321,11,0
46,22,48797,10,0
58,42,436537,100,388
75,3,43370,8,0
72,21,51966,7,0
77,34,50343,10,0
91,67,49690,8,0
42,2,91375,19,35
81,51,64970,8,0
94,55,51526,8,0
89,71,209720,32,178
73,30,45161,8,0
74,65,271370,57,203
75,36,47136,9,0
18,8,381934,89,648
46,4,42600,10,0
70,6,41768,9,0
45,6,44214,8,0
93,69,48223,8,0
62,9,349906,71,262
71,38,58856,8,0
24,23,52910,7,0
100,5,39436,7,0
92,30,53651,8,0
90,79,50342,9,0
98,48,49741,8,0
81,78,45084,8,0
18,6,96274,15,103
96,43,44794,10,0
89,40,42160,6,0
59,51,42311,6,0
46,11,51175,11,0
38,23,40902,9,0
87,31,296868,69,183
85,54,50342,7,0
92,61,40238,9,0
64,36,306107,59,258
74,32,49808,8,0
66,18,42184,10,0
92,78,45553,8,0
75,67,41321,5,0
81,80,48245,8,0
82,41,318656,66,405
80,8,48642,8,0
36,27,49046,8,0
40,13,49560,7,0
39,1,50613,9,0
48,40,462651,169,348
85,37,95381,19,233
83,9,345072,65,333
59,13,618934,213,455
75,2,46492,9,0
34,21,170434,50,118
60,47,336783,50,328
96,54,40655,6,0
88,67,405110,76,326
83,14,497400,103,365
72,8,48931,8,0
96,95,45608,8,0
94,14,44659,7,0
79,46,45750,8,0
13,6,150605,23,92
34,22,219227,48,158
53,6,139290,25,74
80,21,45884,8,0
51,31,49985,44,0
100,58,37415,9,0
51,19,422735,92,391
37,35,86543,17,909
100,74,45838,7,0
26,19,451754,78,586
49,43,281504,55,295
42,33,46443,9,0
86,68,494135,88,1260
69,27,37238,7,0
59,21,670229,115,4416
90,30,124269,234,3306
73,16,45531,9,0
88,41,493351,83,347
76,43,52562,10,0
29,24,48848,8,0
14,4,40517,11,0
33,10,53205,8,0
97,42,42354,19,0
63,54,356734,70,281
99,56,44844,8,0
25,7,503555,84,410
21,7,475050,170,374
100,1,3260288,776,3646
67,38,42548,9,0
60,8,45781,8,0
93,63,42538,7,0
52,19,504511,141,425
79,29,42007,9,0
51,43,380546,89,284
66,62,48366,8,0
56,50,380438,78,660
76,45,43285,8,0
85,34,157497,32,650
74,13,49931,11,0
55,10,425124,137,391
90,67,48643,9,0
22,19,368248,90,275
81,16,49811,12,0
95,49,46216,9,0
84,17,256334,52,202
73,9,50360,8,0
79,23,46724,9,0
23,13,481171,91,416
57,1,69728,8,0
66,14,81969,9,0
78,70,472752,83,2770
86,1,41315,10,0
59,40,306367,78,2440
43,18,49079,8,0
39,15,43510,9,0
90,16,91700,17,39
94,74,58418,9,0
82,60,458016,113,4236
78,21,48822,8,0
95,51,41199,8,0
93,26,44338,8,0
92,73,44417,8,0
67,55,50080,8,0
78,23,58942,11,0
36,8,193303,37,111
64,13,856302,154,1049
95,70,52982,8,0
86,27,146441,23,76
47,1,45636,11,0
21,12,92168,18,39
33,32,45939,10,0
54,53,676389,137,1212
70,17,45866,8,0
94,81,64004,8,0
83,72,343967,57,238
82,27,680031,120,689
81,38,61270,8,0
81,70,47895,10,0
54,44,336408,61,249
35,8,44910,9,0
15,5,363733,73,280
80,31,47730,9,0
99,51,51381,7,0
48,6,43000,8,0
79,25,45858,7,0
91,14,61462,9,0
97,86,50685,13,0
87,77,998665,163,912
92,53,44450,8,0
63,5,49774,8,0
55,13,649041,301,625
49,35,44444,11,0
86,33,436217,114,1099
71,48,45365,8,0
99,90,38007,8,0
48,46,142009,23,80
48,11,43758,9,0
14,3,578434,107,1997
65,19,45473,6,0
35,6,47317,9,0
90,87,46128,8,0
48,43,500108,103,383
71,45,69256,9,0
36,4,143357,24,77
12,9,374970,70,296
32,20,45261,7,0
78,41,45499,9,0
84,73,320264,55,216
16,14,369281,84,275
22,18,44999,8,0
35,14,47065,9,0
93,76,36441,8,0
99,37,52684,8,0
84,34,203184,33,1877
62,47,507579,88,740
87,29,935375,191,4270
63,23,500173,100,592
64,63,594910,108,783
68,50,48259,7,0
90,41,41040,7,0
79,44,37032,8,0
81,9,57891,10,0
77,59,46234,8,0
89,37,49754,11,0
95,88,45857,8,0
70,20,51359,9,0
84,38,310756,60,281
91,8,52522,5,0
76,44,44980,9,0
91,28,54086,11,0
37,25,521533,103,496
95,24,46664,8,0
85,67,44967,10,0
15,2,47344,22,0
74,54,176146,34,113
73,72,49145,8,0
74,1,47530,14,0
9,3,90232,17,40
98,34,48655,8,0
65,23,336905,66,242
63,47,352471,67,316
60,52,248634,40,624
26,23,460746,82,331
75,45,122422,8,0
28,18,53015,11,0
81,28,51284,9,0
39,37,49814,9,0
54,16,379086,69,262
81,49,50716,14,0
100,66,40826,7,0
78,69,196106,43,530
58,15,444277,78,594
88,74,564879,132,597
81,7,48245,8,0
52,1,41473,12,0
27,11,416835,81,321
35,10,95339,16,40
80,5,47262,8,0
50,26,39237,8,0
88,79,414721,68,274
64,22,48170,9,0
73,29,45740,8,0
94,53,44127,7,0
73,1,50457,9,0
49,1,56263,9,0
72,20,47153,12,0
64,14,422648,104,4831
54,10,380714,78,279
90,51,45492,7,0
31,16,46004,8,0
80,45,137698,23,41
67,23,56368,9,0
41,21,47263,7,0
70,45,48495,10,0
38,6,44390,10,0
93,38,45882,8,0
98,84,48923,10,0
93,72,52657,8,0
75,24,48027,7,0
72,33,41707,9,0
81,35,44464,9,0
95,77,49601,20,0
97,33,39571,7,0
90,81,50418,8,0
57,52,464847,157,646
77,64,71464,8,0
51,2,46634,8,0
60,50,96462,20,34
48,1,48292,8,0
92,23,41862,8,0
96,89,42030,7,0
60,40,1293936,183,2484
83,61,215222,34,148
73,52,49266,8,0
11,2,44537,8,0
99,66,51491,11,0
45,13,41106,8,0
97,82,48994,8,0
92,29,48368,10,0
97,11,36146,8,0
56,12,46110,8,0
59,31,864339,113,8390
42,41,51078,9,0
93,67,45939,8,0
82,64,44848,9,0
71,41,92666,8,0
80,69,742557,130,1182
87,59,369672,68,299
53,4,44364,8,0
88,48,351510,60,264
20,10,356479,74,492
57,35,410172,87,2092
92,15,47969,8,0
71,53,42588,8,0
85,55,108696,18,44
47,9,576582,136,455
84,43,557544,115,1568
40,9,45511,8,0
66,35,48772,8,0
77,30,41387,8,0
96,69,45427,7,0
76,58,53697,9,0
69,15,54873,10,0
67,46,43299,9,0
75,50,195311,9,0
60,2,44995,8,0
83,20,630413,122,768
95,7,50628,10,0
37,34,53293,31,0
55,43,375438,76,284
72,49,45628,8,0
69,62,78550,9,0
16,2,94350,18,37
97,95,47094,8,0
92,60,43300,10,0
99,9,39446,10,0
36,1,304757,58,212
78,1,108038,16,43
99,41,40186,9,0
68,54,47242,8,0
53,8,285274,53,193
33,18,94272,19,37
89,53,47856,8,0
35,26,49360,7,0
60,11,742491,729,3041
66,55,41142,9,0
61,55,429881,83,604
73,55,405763,8,0
66,56,46939,8,0
44,33,42748,11,0
58,53,531012,113,592
50,39,39869,9,0
40,10,50393,25,0
90,64,35852,8,0
91,5,58681,8,0
89,79,315938,59,185
95,55,42529,7,0
67,22,39208,9,0
81,54,46203,8,0
56,27,416024,70,2197
55,46,451997,75,2453
52,13,370583,60,245
63,26,45196,10,0
83,81,474488,82,348
68,61,50692,8,0
92,83,39498,7,0
51,24,519906,109,408
59,39,1126460,189,2441
37,32,44714,10,0
95,52,114727,18,40
26,2,85486,22,39
97,78,46770,8,0
69,63,48095,9,0
93,18,44323,8,0
74,24,46219,8,0
100,67,39522,8,0
89,65,101701,19,260
98,12,42336,7,0
90,58,37505,7,0
53,48,95575,15,45
89,13,56248,8,0
77,50,62369,10,0
25,18,300883,56,744
49,10,101984,13,35
52,18,461805,123,397
69,32,42393,10,0
91,32,44929,10,0
70,51,54029,8,0
21,1,47352,9,0
71,37,80324,9,0
74,46,42275,9,0
81,3,40599,8,0
54,48,410050,79,891
98,61,45726,8,0
99,24,59201,10,0
50,30,47728,8,0
34,3,50137,9,0
88,60,363436,69,1195
61,47,673611,121,503
79,47,42403,8,0
91,52,46513,8,0
65,48,739565,1728,1933
71,17,44310,8,0
98,87,43904,8,0
95,73,49094,11,0
85,57,99805,15,38
55,23,564415,102,2372
46,25,47848,9,0
83,27,449736,95,494
54,21,401408,79,237
95,9,41460,10,0
93,40,43911,7,0
91,42,56469,8,0
94,43,49473,9,0
67,13,501995,95,1062
79,58,45444,8,0
94,60,53631,9,0
63,9,333324,444,493
75,19,48657,9,0
61,45,443852,82,546
58,16,340396,87,512
94,72,39215,9,0
63,13,419952,73,476
85,7,56881,8,0
84,52,379461,111,4343
69,36,55289,8,0
69,23,53278,8,0
93,11,49130,8,0
99,88,41691,7,0
96,41,48269,8,0
12,7,263369,54,218
92,54,46644,5,0
53,36,352919,74,389
52,42,96474,16,55
63,51,357958,67,293
30,16,48902,8,0
100,49,700975,131,4206
81,61,74920,11,0
98,6,43395,9,0
29,9,90938,15,36
24,16,373849,70,275
39,38,47026,5,0
92,31,43029,8,0
71,57,42012,9,0
52,35,284616,54,203
95,10,48968,8,0
72,6,47852,9,0
78,28,51241,10,0
19,16,444642,87,298
73,8,52337,7,0
37,36,266779,50,204
99,27,53879,11,0
47,12,217269,42,159
87,1,50801,9,0
84,69,317435,57,275
96,72,52933,7,0
16,13,89005,17,39
38,16,40715,8,0
15,13,457869,94,1814
82,51,292280,62,1146
75,42,75328,11,0
56,28,136549,25,83
52,14,456387,116,366
56,47,422447,85,1263
65,36,151138,40,90
78,55,44825,9,0
41,25,45918,9,0
39,4,50885,8,0
42,9,93072,21,41
98,79,50232,8,0
70,67,50284,8,0
61,24,46962,8,0
60,17,250151,46,1872
80,12,50442,9,0
51,12,315148,61,230
60,31,311566,57,498
50,5,43560,9,0
97,50,94705,22,0
67,65,47141,9,0
90,6,37011,10,0
68,5,45879,8,0
47,26,457525,103,358
21,11,515677,104,507
40,32,53758,9,0
98,60,40214,8,0
59,3,452419,48,4512
64,39,351299,71,652
98,21,55399,8,0
65,42,549021,93,1522
96,26,41455,9,0
73,32,46663,9,0
91,7,45121,8,0
83,82,514699,103,574
62,46,505331,113,343
78,7,45216,10,0
68,21,47984,8,0
86,84,220361,75,1620
71,39,55319,8,0
62,35,1057949,219,1137
62,59,548284,89,324
24,12,385300,68,375
100,32,44384,8,0
32,26,50872,5,0
32,6,40425,9,0
94,28,42455,8,0
76,70,47129,7,0
65,53,46950,8,0
80,63,48707,6,0
98,9,42221,10,0
60,51,648154,95,1672
23,9,42170,8,0
98,75,47332,9,0
90,24,36669,10,0
90,76,53965,8,0
78,2,40931,10,0
34,11,42290,8,0
58,55,311397,64,1194
89,76,148458,26,139
78,59,46984,8,0
84,81,306203,71,272
99,92,43487,7,0
55,16,384499,75,283
91,13,43195,7,0
97,75,41094,8,0
80,22,45463,8,0
94,38,42082,10,0
79,12,96163,41,40
60,14,585986,121,1598
72,10,54933,8,0
91,22,43075,9,0
95,43,39764,11,0
42,13,82730,16,40
90,26,75537,8,0
92,70,46486,7,0
17,3,220768,45,146
14,1,47167,9,0
90,48,44947,8,0
8,1,45443,10,0
96,14,44598,12,0
69,55,47242,8,0
96,46,45027,7,0
71,68,46203,8,0
79,60,48544,8,0
47,29,563854,100,818
91,76,49109,9,0
68,34,42855,9,0
51,34,371887,68,278
48,25,47915,9,0
97,24,45649,8,0
96,73,52789,7,0
93,77,44723,6,0
67,50,44154,10,0
94,57,52844,8,0
56,34,528926,96,560
55,32,426712,148,5229
76,67,45075,7,0
61,26,348973,61,231
31,28,43331,8,0
57,18,286707,55,309
57,20,246187,37,147
70,14,53326,9,0
73,70,40023,8,0
85,80,392559,86,649
61,39,182882,34,3234
71,46,46373,8,0
48,32,141228,27,71
20,8,302377,64,1290
99,96,1025698,200,833
78,20,47009,9,0
92,56,56713,9,0
74,68,418887,87,456
30,20,40734,9,0
57,37,346726,77,361
88,85,418556,69,349
91,39,48334,11,0
11,3,196213,38,126
98,45,52450,7,0
72,13,50704,9,0
87,70,506661,115,2639
70,24,49006,12,0
53,28,815634,163,879
35,7,86702,18,38
94,24,58365,7,0
81,27,54283,8,0
95,48,47291,8,0
61,17,41486,8,0
92,67,622684,121,495
77,36,47236,9,0
84,15,459615,101,838
76,27,46369,9,0
59,49,240039,31,417
10,8,221329,47,148
93,19,38676,8,0
75,62,48402,9,0
55,11,46668,8,0
86,12,633176,109,1116
36,11,48430,9,0
10,7,321629,58,249
76,18,52191,9,0
47,3,618862,114,509
86,75,680669,121,778
66,24,48160,9,0
20,11,91594,17,36
19,8,44377,8,0
53,51,373217,74,563
74,57,367077,78,306
36,10,48533,8,0
45,12,42609,8,0
99,32,47294,8,0
70,52,52465,9,0
54,51,444966,77,796
58,49,47428,7,0
26,13,331009,57,231
83,5,339037,86,264
73,26,54950,7,0
68,43,46320,9,0
83,49,679752,159,9418
13,9,388920,71,1452
96,6,48837,7,0
64,38,350068,71,269
75,64,109468,7,0
76,14,41852,8,0
93,27,42197,8,0
68,27,58489,8,0
46,15,41131,9,0
79,8,335612,68,306
96,66,42468,8,0
69,12,46044,10,0
95,91,45451,8,0
39,2,39511,7,0
68,51,92844,19,54
41,29,45909,9,0
72,19,49643,9,0
95,18,54504,8,0
99,71,49592,8,0
44,26,92046,19,39
75,73,44312,8,0
92,28,57853,11,0
44,37,441930,83,637
67,11,309209,73,257
10,4,181067,35,117
49,27,47169,9,0
100,38,44356,11,0
72,62,278795,53,198
100,44,46128,7,0
98,33,45979,10,0
56,23,351610,70,339
6,5,263283,51,206
97,55,45959,8,0
52,23,331659,99,349
82,77,46040,8,0
83,58,56820,8,0
69,48,44712,8,0
35,22,40902,8,0
46,16,40656,9,0
74,3,48484,13,0
38,11,46627,9,0
64,61,340811,62,252
85,13,219209,52,3705
97,5,42647,7,0
56,53,273474,50,211
65,14,103394,16,62
79,14,391946,100,1246
41,10,45353,10,0
16,7,51773,8,0
100,20,37824,8,0
78,4,42081,8,0
41,38,53933,8,0
70,42,42988,10,0
89,16,45748,8,0
86,54,319899,58,432
57,45,362201,67,1190
42,18,827865,145,635
74,63,319289,65,232
43,8,306389,83,229
65,29,43725,8,0
90,44,58981,7,0
66,20,49094,8,0
48,41,711099,139,527
22,13,562099,112,775
98,36,42891,13,0
82,29,833537,249,9107
86,72,506998,80,446
57,29,685781,126,1696
78,35,42448,9,0
91,72,46622,9,0
98,96,47524,8,0
74,14,48786,11,0
62,7,350472,59,254
60,21,262695,47,219
94,52,66214,9,0
31,13,48376,8,0
94,33,39029,7,0
34,15,48287,7,0
37,7,50615,8,0
63,31,361475,96,316
32,18,50262,7,0
87,53,402968,70,368
59,10,639947,99,579
99,73,54453,10,0
44,42,49774,7,0
90,21,83123,17,36
47,18,43101,9,0
81,6,39756,12,0
65,58,47149,10,0
5,1,42961,8,0
43,22,553962,215,1021
72,2,47134,9,0
93,42,45164,8,0
93,9,47696,8,0
46,27,40116,9,0
74,52,356792,70,619
12,5,189428,36,133
75,53,54313,8,0
60,39,321470,57,998
33,27,56742,9,0
65,52,44695,7,0
81,50,75216,9,0
50,37,43126,8,0
99,89,36508,7,0
90,68,48121,8,0
79,6,490951,224,1205
75,16,45800,9,0
81,18,48084,9,0
82,53,347294,61,712
9,5,275166,47,222
20,2,45592,8,0
37,5,51525,7,0
93,3,47119,9,0
98,8,44834,7,0
56,26,419353,77,374
57,26,617149,186,617
56,3,340012,66,784
76,53,50015,9,0
38,31,42377,9,0
86,56,465618,94,385
73,25,41453,8,0
82,50,438891,83,1371
39,27,44130,9,0
79,48,46064,10,0
45,37,42197,8,0
44,1,39093,10,0
64,33,305011,57,234
99,36,48929,27,0
36,24,48123,13,0
87,7,363862,63,229
64,19,343843,48,210
87,57,378188,118,422
93,65,116637,17,51
39,31,35907,10,0
82,20,448484,82,575
93,45,43962,10,0
78,72,149135,45,855
54,42,885557,164,659
50,2,44833,9,0
95,74,57256,8,0
75,17,47084,7,0
56,22,355052,85,272
53,22,264119,50,205
72,50,101355,15,38
65,49,333979,55,433
52,46,47569,9,0
67,54,40117,8,0
15,8,48957,8,0
4,3,279049,55,192
98,59,51420,8,0
76,36,46042,9,0
86,78,46706,9,0
77,4,135193,27,200
75,18,47499,9,0
62,37,243601,52,127
90,56,44831,7,0
43,16,50178,7,0
48,14,567748,119,531
52,12,140082,26,86
82,76,216371,49,155
99,81,47576,9,0
77,75,44479,10,0
47,28,258839,54,205
30,21,48161,7,0
99,13,45172,8,0
79,33,48887,9,0
85,43,390702,68,281
62,39,222041,37,112
72,34,55669,9,0
65,28,329493,56,228
68,10,51510,9,0
35,28,51799,8,0
51,27,521112,114,526
55,38,392662,77,1046
59,33,745443,102,2770
76,20,53798,9,0
30,13,65839,8,0
88,2,43492,7,0
78,77,527986,96,1029
97,69,52045,8,0
73,61,46419,12,0
92,9,52937,6,0
91,2,43816,7,0
99,53,51666,7,0
81,29,42085,10,0
94,76,42464,13,0
63,40,275818,52,200
57,31,91888,20,34
78,31,46972,10,0
94,66,43547,6,0
53,43,456079,93,611
76,47,40979,9,0
34,23,50753,8,0
82,25,583792,103,450
99,78,36809,10,0
75,14,47274,8,0
16,4,168388,53,123
35,23,39037,9,0
64,41,353646,67,264
60,56,278808,20,170
96,58,47959,9,0
56,25,424073,73,483
77,76,48531,10,0
85,73,931864,187,3574
69,3,46003,7,0
62,14,369939,105,330
60,16,243910,111,558
95,2,54120,9,0
82,23,321303,76,284
65,55,501936,95,529
49,34,50733,8,0
28,27,43736,10,0
60,35,394721,64,318
25,15,404163,69,1011
67,29,47250,10,0
25,3,385894,65,255
95,40,42230,9,0
91,54,44116,9,0
77,41,45071,7,0
84,12,297955,60,577
100,26,79607,16,512
87,46,431525,72,324
81,74,49150,9,0
55,22,341162,65,309
87,48,381664,68,341
34,18,153835,25,101
56,32,494707,95,1298
60,58,522289,84,64760
49,11,42923,9,0
95,62,43844,8,0
61,22,393419,74,287
84,49,53502,8,0
36,33,39462,8,0
69,10,61388,11,0
96,74,55056,7,0
94,22,42262,7,0
98,85,52238,8,0
82,61,578987,389,1987
84,50,234493,50,575
17,6,45648,11,0
92,59,48206,8,0
73,50,42551,10,0
87,12,413492,85,363
76,71,91987,18,40
82,30,46045,9,0
81,72,42215,11,0
87,51,283170,50,232
76,23,47767,8,0
38,22,38143,9,0
21,20,479677,96,383
95,6,59125,11,0
85,3,58286,8,0
64,59,380363,88,274
99,4,50428,8,0
31,1,182181,37,124
71,21,45620,8,0
78,26,45902,10,0
88,28,137465,15,36
85,61,412457,71,305
89,51,40909,8,0
74,70,373053,66,261
22,14,612710,113,442
38,4,45812,8,0
100,68,38203,8,0
89,35,43161,10,0
84,46,353609,56,1154
53,23,471017,99,586
78,43,44822,8,0
49,4,54150,8,0
86,74,453310,127,1724
100,14,47987,8,0
36,26,52144,8,0
17,15,269032,55,187
86,82,569057,227,1196
54,46,341489,72,376
16,11,45755,9,0
29,10,125049,29,81
77,56,44456,8,0
93,53,57708,7,0
94,46,38445,8,0
65,4,91682,17,43
97,1,44513,10,0
74,49,41536,8,0
93,34,38230,8,0
92,14,53125,9,0
79,35,50064,12,0
76,22,47335,8,0
57,50,310676,65,253
53,3,139750,25,111
88,30,352636,62,314
66,25,49685,8,0
100,76,47513,7,0
53,24,663687,120,738
51,1,57614,7,0
50,10,47745,8,0
87,86,198112,33,111
67,66,57046,8,0
95,64,58462,8,0
94,85,46223,8,0
68,16,52752,16,0
28,8,45165,8,0
38,13,49550,7,0
18,2,60339,8,0
93,56,48017,8,0
93,13,49424,10,0
29,13,45632,8,0
47,11,171120,40,414
100,97,39614,26,0
75,30,56117,8,0
38,21,48829,8,0
93,71,50024,7,0
90,85,51585,7,0
98,62,46956,11,0
72,5,52452,7,0
87,25,427133,171,422
97,41,44209,8,0
82,73,45902,8,0
64,12,260279,46,157
52,32,386652,72,329
50,6,49415,7,0
67,3,459780,457,1210
63,19,356452,105,292
100,34,42534,9,0
78,6,36169,8,0
75,34,47125,9,0
56,4,45389,10,0
47,10,40820,9,0
66,1,43007,8,0
46,23,48985,7,0
36,9,40986,9,0
37,28,46756,8,0
73,2,54138,7,0
93,44,43709,7,0
71,44,52806,9,0
97,39,46117,6,0
58,37,457613,84,1175
88,35,898040,164,1186
67,49,50380,8,0
77,67,77702,9,0
37,29,55625,8,0
96,77,50724,8,0
88,17,393144,65,301
61,40,685310,215,1275
44,10,54146,5,0
88,59,358600,107,486
55,1,41976,8,0
78,27,48717,9,0
86,65,332448,85,1389
62,51,586330,188,713
75,52,44380,10,0
25,17,403479,76,819
44,11,47214,8,0
37,4,52358,8,0
79,20,50402,8,0
86,31,290814,59,426
59,37,1999800,879,9405
47,20,462995,89,330
46,7,133948,24,72
85,70,244820,41,156
61,1,53902,9,0
91,4,64604,8,0
81,46,44935,9,0
28,20,46037,35,0
90,22,469696,98,749
94,40,48334,9,0
13,11,399869,77,664
91,81,49165,7,0
98,70,46255,8,0
68,39,47629,7,0
70,25,49058,8,0
97,2,64903,8,0
74,58,370735,103,390
66,23,51145,8,0
38,37,49066,9,0
43,34,621774,113,493
92,45,51838,26,0
75,8,44292,9,0
96,75,48784,9,0
92,13,60868,8,0
16,1,94808,18,37
85,83,195315,41,1570
25,4,43740,8,0
17,4,42498,9,0
64,18,616188,138,906
86,6,99511,18,43
71,25,45562,8,0
62,19,445496,132,415
59,12,160335,18,44
98,55,49535,8,0
75,66,44850,10,0
78,45,48424,8,0
50,7,46157,9,0
45,30,49174,8,0
97,68,49795,8,0
14,8,90004,9,0
97,48,55323,8,0
95,28,55118,8,0
14,11,157886,26,95
96,13,46386,8,0
67,6,359066,62,241
62,5,306799,60,231
70,21,42706,8,0
99,23,54549,10,0
76,30,44871,8,0
25,11,281668,47,199
34,14,43857,8,0
96,25,53719,8,0
60,28,58730,8,0
71,60,49845,9,0
95,31,44934,10,0
89,84,187219,34,110
81,62,79460,8,0
41,6,45518,8,0
19,17,282055,54,187
40,12,47536,7,0
67,16,418833,84,261
73,35,43276,9,0
68,12,63661,8,0
79,61,43587,12,0
56,30,324848,62,385
54,34,585127,114,672
100,59,40930,7,0
80,76,147004,26,75
47,6,42971,9,0
28,16,48032,9,0
69,53,46998,8,0
88,20,179499,31,114
68,58,46042,9,0
86,39,469976,141,1263
11,7,365779,72,281
76,68,48241,8,0
97,87,364442,52,12946
78,51,47334,9,0
95,11,42186,22,0
77,10,38467,10,0
73,18,94186,18,90
36,3,49653,10,0
30,25,48141,9,0
60,54,493753,98,187
76,51,59493,9,0
92,19,48475,8,0
69,40,53557,8,0
88,18,570798,101,438
58,54,593501,102,965
77,35,43262,9,0
94,93,44918,8,0
89,20,41047,9,0
58,46,426943,68,294
72,31,43768,8,0
81,4,50494,8,0
51,18,432715,82,321
85,40,48257,8,0
28,9,47172,8,0
96,82,74838,17,88
56,19,418572,94,406
99,87,48358,7,0
66,52,38592,8,0
31,7,139813,28,75
59,35,256269,14,91
99,59,47857,9,0
80,54,834984,188,1425
74,21,44004,6,0
70,62,54896,9,0
97,19,40118,9,0
98,50,59138,10,0
89,7,54248,8,0
94,1,89514,8,0
97,80,43956,8,0
85,44,448466,75,289
95,67,75477,8,0
96,87,48311,5,0
74,50,86659,16,39
64,44,363568,82,277
66,13,43963,22,0
70,58,53655,8,0
70,60,47988,9,0
41,35,43732,9,0
72,71,457194,90,421
65,2,44851,8,0
38,17,46345,8,0
49,18,45319,9,0
87,60,406445,77,444
37,12,54335,9,0
37,17,42417,8,0
93,46,62468,7,0
66,44,48332,8,0
74,60,689381,126,743
75,60,47107,9,0
61,30,215457,32,105
72,35,45012,9,0
43,17,49994,9,0
52,48,326573,59,248
74,6,51022,9,0
36,5,266670,55,199
55,40,395175,111,290
70,4,39596,11,0
86,5,235957,43,155
49,16,44683,10,0
77,74,51621,11,0
47,13,538132,95,417
80,60,684324,119,747
26,16,547141,99,421
35,13,45410,8,0
71,34,44764,8,0
29,7,235348,46,1213
77,13,40569,11,0
47,15,697154,129,536
35,29,55620,8,0
56,36,53138,9,0
62,52,289626,50,356
66,19,40549,9,0
71,58,55615,9,0
90,38,41090,8,0
95,69,55310,6,0
57,39,291023,61,430
70,43,46889,10,0
90,89,40308,8,0
69,46,49753,8,0
88,61,366513,72,343
99,1,44695,8,0
100,11,41805,9,0
80,58,724335,150,2990
64,46,313886,60,217
69,25,48096,9,0
56,7,283867,171,465
28,11,47062,8,0
69,29,46785,8,0
62,41,199962,36,505
62,42,390085,68,464
46,6,51639,8,0
83,73,363117,63,467
33,31,45435,9,0
84,4,135435,27,78
20,17,440780,88,361
85,22,563218,91,539
91,35,44373,9,0
76,63,96197,22,42
70,9,105804,94,45
89,23,43672,10,0
29,12,46242,8,0
28,5,46728,7,0
29,5,47728,8,0
71,23,45035,8,0
73,4,66943,9,0
76,38,51207,7,0
84,72,418088,91,316
72,12,48500,8,0
93,92,61868,7,0
51,40,769794,155,696
31,4,47111,6,0
42,25,526652,102,423
88,14,287528,37,568
23,18,388355,70,782
67,31,52021,8,0
98,56,41440,8,0
59,16,278290,43,487
96,9,44577,9,0
89,88,331411,70,1298
70,40,45955,11,0
100,96,45262,7,0
76,74,40370,6,0
90,84,40390,9,0
98,7,46418,8,0
77,40,48187,8,0
22,20,390064,67,298
76,62,47688,8,0
83,35,554830,123,760
89,82,130705,24,73
74,5,82404,9,0
89,8,61226,10,0
67,51,51457,8,0
52,36,305921,59,235
21,14,553076,103,445
98,17,49962,7,0
40,34,46887,8,0
81,17,44755,8,0
58,48,470194,103,375
29,3,44007,8,0
69,22,55560,11,0
30,24,47685,7,0
68,1,45299,8,0
38,33,46838,9,0
56,13,145450,25,343
100,47,40567,9,0
36,22,93500,19,63
64,43,301574,73,237
65,40,46570,9,0
74,4,47736,8,0
76,19,48008,10,0
88,62,375038,71,296
15,10,47722,8,0
75,31,56966,9,0
36,32,47567,8,0
13,8,46573,9,0
29,15,43388,8,0
86,45,944184,378,1213
97,46,48239,7,0
28,6,51212,10,0
31,30,42413,8,0
95,35,69446,8,0
61,20,334074,72,240
90,86,39954,9,0
48,30,129599,29,73
42,30,497442,99,454
76,24,42217,8,0
57,6,91336,22,39
78,53,45684,9,0
100,42,43592,8,0
85,9,53468,10,0
84,8,295433,117,1403
74,55,370597,81,366
39,36,52500,10,0
95,76,52262,8,0
89,14,37762,11,0
99,49,46895,7,0
44,3,95828,17,40
50,16,101724,17,38
20,12,402314,78,1079
30,17,47755,8,0
28,24,49075,8,0
76,65,147261,22,73
45,5,42906,5,0
34,6,49674,7,0
90,74,48451,7,0
72,69,380253,69,518
43,21,513912,89,373
51,50,43975,12,0
35,31,51187,8,0
95,53,47166,9,0
85,5,55322,9,0
94,30,46007,7,0
100,17,52972,8,0
83,41,360420,68,259
30,7,45992,8,0
88,78,608107,104,475
84,21,320932,62,233
89,43,51279,10,0
18,13,378037,92,252
53,1,44526,11,0
36,20,49495,7,0
86,58,285742,53,225
39,32,43425,9,0
77,42,47489,8,0
66,5,43933,12,0
57,43,670057,119,1187
52,22,428653,89,325
16,5,260577,58,193
71,14,62911,8,0
99,19,63832,9,0
100,83,49539,8,0
87,54,297072,50,302
34,32,45269,8,0
38,24,85795,28,35
79,70,77232,9,0
91,10,50238,8,0
88,8,140231,21,71
90,82,49553,8,0
36,31,40849,10,0
26,15,368432,71,260
97,4,45476,8,0
61,18,630130,128,1392
84,35,227120,43,156
